width,station,num.b,meas.b,num.n,meas.n,depth,netwidth,temp,phi,area.n,area.b
23,F22,1,1,0,0,113,17.814,3.7,3.66151186,0.01465671,0.001968
23,H18,2,2,13,13,74,17.655,-0.7,3.312258852,0.015714934,0.001505
23,I18,2,2,0,0,71,17.168,-0.2,3.464881134,0.01426035,0.001726
23,I21,5,5,0,0,73,15.877,-0.3,3.407365428,0.012535312,0.001424
23,I22,3,3,0,0,84,16.847,1.8,3.995256604,0.013787421,0.002207
23,IH2120,1,1,0,0,69,19.724,-0.5,3.084690721,0.01393945,0.001573
23,J18,15,15,2,2,69,17.01,-1.3,3.53616725,0.013955533,0.001729
23,J19,12,12,5,5,70,17.674,-1.4,3.383303385,0.016108009,0.001967
23,J20,5,5,1,1,70,17.531,-1.3,3.420389645,0.014342088,0.001781
23,J21,4,4,0,0,74,21.313,-0.7,3.782849245,0.017883537,0.001866
23,J22,10,10,0,0,86,17.659,1.2,4.363528075,0.014132744,0.002204
23,J24,1,1,0,0,104,17.238,2.2,4.898351515,0.010564225,0.001779
23,JI2120,0,0,20,20,71,16.959,-1.1,3.396841343,0.013854358,0.001986
23,JI2221,9,9,0,0,77,17.237,0.3,3.883139896,0.014156848,0.001922
23,K20,13,13,2,2,69,17.227,-1.4,3.628743979,0.014038138,0.001657
23,K21,3,3,0,0,73,16.812,-1.2,4.01417833,0.014244035,0.001774
23,K22,10,10,1,1,84,17.182,0.3,4.584010222,0.014312055,0.00179
23,K23,5,5,0,0,95,17.373,1.8,5.003959037,0.014136851,0.001984
23,K24,2,2,0,0,102,17.068,2.5,5.064305575,0.013814022,0.002303
23,L20,22,22,1,1,67,17.602,-1.1,3.825626356,0.014241084,0.001801
23,L21,3,3,0,0,73,16.83,-1.4,4.260148815,0.014195496,0.001732
23,L23,23,23,0,0,92,17.397,1.2,5.095623434,0.014065082,0.001973
23,L24,7,7,0,0,101,17.608,2.1,5.139558957,0.014071393,0.002287
23,N21,1,1,0,0,68,16.959,-1.5,4.659262716,0.013547802,0.001949
23,N22,3,3,0,0,75,17.666,-1.5,4.932028292,0.01470491,0.001568
23,N25,6,6,0,0,102,17.654,1.6,5.248364893,0.014334626,0.002505
23,O22,3,3,0,0,72,18.317,-1.5,4.847790796,0.015305537,0.001688
23,O24,5,5,0,0,84,17.36,-1.1,4.952238978,0.01433885,0.001958
23,O25,2,2,0,0,95,17.654,-0.2,5.291280223,0.014905952,0.001766
23,O26,91.48,20,0,0,104,17.11,1.8,5.668704942,0.013623533,0.001917
23,ON2524,1,1,0,0,93,17.654,1.2,5.161146292,0.01480301,0.00174
23,P20,6,3,0,0,53,16.541,-1.3,4.417112406,0.013527348,0.001825
23,P22,1,1,0,0,69,17.975,-1.5,4.755803026,0.014511419,0.001909
23,P24,0,0,1,1,65,17.432,-1,4.740610892,0.014347497,0.001689
23,P25,2,2,1,1,75,17.444,-1.1,5.172185218,0.005858907,0.001701
23,P26,7,7,0,0,97,18.02,0.6,5.834476673,0.01460554,0.00235
23,P32,4,4,0,0,141,17.008,2.1,5.049570539,0.012877846,0.002357
23,PO2524,13,13,1,1,80,17.738,-1.2,5.013458814,0.014387317,0.001763
23,PO2625,1,1,0,0,94,17.955,-0.3,5.502575852,0.014673258,0.002079
23,PO2726,1,1,0,0,106,17.782,1.3,5.964650876,0.014091204,0.002411
23,Q20,6.032,2,9.4582,2,53,16.401,-1.5,4.688581975,0.01318333,0.001657
23,Q25,3,3,0,0,63,17.533,0,5.212279699,0.006895825,0.001558
23,Q26,9.506,1,0,0,90,19.413,-0.2,5.945693096,0.015632713,0.002159
23,Q31,1,1,0,0,147,18.04,2,6.005221973,0.014006375,0.002255
23,QP2423,5,5,3,3,58,16.121,1.7,4.59435011,0.013696183,0.001747
23,QP2625,17,17,0,0,87,17.674,0.4,5.642188314,0.013995314,0.001856
23,QP2726,1,1,0,0,100,18.343,0.6,6.156088468,0.014455544,0.002417
23,R29,8.975,1,0,0,118,17.438,1.7,6.378360304,0.014067725,0.002035
23,S22,3.185,1,17.2988,1,60,18.326,-1.4,6.151657817,0.014965762,0.001771
23,S30,21.999,3,0,0,122,17.873,1.9,6.3905984,0.013897558,0.001952
23,T25,14.616,7,7.9795,1,73,18.98,-1.4,5.657105228,0.015671389,0.001628
23,U25,46,46,18.8722,2,70,17.28,-1.5,5.850253486,0.014046061,0.001649
23,U26,58,58,17.5698,3,76,17.273,-1.4,5.880490713,0.013934615,0.001589
23,V25,1506.626,143,436.8138,57,62,16.656,-1.5,6.051011526,0.013330029,0.001749
23,V26,179.76,60,142.167,10,72,17.396,-1.5,5.80326188,0.014551172,0.001544
28,F18,0,0,1,1,107,17.882,2.3,3.309177913,0.013930624,0.002155
28,H18,1,1,5,5,74,17.655,-0.7,3.312258852,0.015714934,0.001505
28,I18,1,1,1,1,71,17.168,-0.2,3.464881134,0.01426035,0.001726
28,I23,1,1,0,0,99,17.1,2.8,4.53177275,0.013869834,0.002579
28,IH2221,1,1,0,0,74,16.502,2.8,3.536009676,0.013586867,0.001467
28,J18,16,16,14,14,69,17.01,-1.3,3.53616725,0.013955533,0.001729
28,J19,13,13,6,6,70,17.674,-1.4,3.383303385,0.016108009,0.001967
28,J20,6,6,0,0,70,17.531,-1.3,3.420389645,0.014342088,0.001781
28,J22,1,1,0,0,86,17.659,1.2,4.363528075,0.014132744,0.002204
28,J23,1,1,1,1,98,17.654,2,4.825662831,0.014478744,0.002223
28,J24,1,1,0,0,104,17.238,2.2,4.898351515,0.010564225,0.001779
28,JI2019,6,6,2,2,66,16.21,-1.4,3.256647755,0.013214119,0.001637
28,JI2120,0,0,1,1,71,16.959,-1.1,3.396841343,0.013854358,0.001986
28,K20,12,12,0,0,69,17.227,-1.4,3.628743979,0.014038138,0.001657
28,K21,13,13,1,1,73,16.812,-1.2,4.01417833,0.014244035,0.001774
28,K23,3,3,0,0,95,17.373,1.8,5.003959037,0.014136851,0.001984
28,K24,1,1,0,0,102,17.068,2.5,5.064305575,0.013814022,0.002303
28,K25,0,0,1,1,109,17.441,2.8,4.726845964,0.01565666,0.002086
28,L20,22,22,0,0,67,17.602,-1.1,3.825626356,0.014241084,0.001801
28,L21,5,5,0,0,73,16.83,-1.4,4.260148815,0.014195496,0.001732
28,L24,2,2,0,0,101,17.608,2.1,5.139558957,0.014071393,0.002287
28,N20,4,4,0,0,60,16.65,-1.2,4.226803119,0.014014547,0.001513
28,N21,21,21,2.9802,2,68,16.959,-1.5,4.659262716,0.013547802,0.001949
28,N22,3,3,0,0,75,17.666,-1.5,4.932028292,0.01470491,0.001568
28,N24,5,5,0,0,87,17.36,-0.4,5.126624379,0.013771977,0.002281
28,O20,1,1,9.586,5,56,17.214,-1.4,4.336545986,0.014288522,0.001493
28,O22,13,13,5.8236,2,72,18.317,-1.5,4.847790796,0.015305537,0.001688
28,ON2524,1,1,0,0,93,17.654,1.2,5.161146292,0.01480301,0.00174
28,P20,2,1,3.1718,1,53,16.541,-1.3,4.417112406,0.013527348,0.001825
28,P22,2,2,0,0,69,17.975,-1.5,4.755803026,0.014511419,0.001909
28,P25,2,2,4,4,75,17.444,-1.1,5.172185218,0.005858907,0.001701
28,P26,17,17,3,3,97,18.02,0.6,5.834476673,0.01460554,0.00235
28,P32,2,2,0,0,141,17.008,2.1,5.049570539,0.012877846,0.002357
28,PO2423,2,2,0,0,76,17.475,-1.3,4.763223757,0.014601968,0.001967
28,PO2524,13,13,1,1,80,17.738,-1.2,5.013458814,0.014387317,0.001763
28,PO2625,9,9,3,3,94,17.955,-0.3,5.502575852,0.014673258,0.002079
28,PO2726,4,4,0,0,106,17.782,1.3,5.964650876,0.014091204,0.002411
28,Q20,9.048,3,28.3746,6,53,16.401,-1.5,4.688581975,0.01318333,0.001657
28,Q25,2,2,6,6,63,17.533,0,5.212279699,0.006895825,0.001558
28,Q26,9.506,1,0,0,90,19.413,-0.2,5.945693096,0.015632713,0.002159
28,Q31,6,6,3,3,147,18.04,2,6.005221973,0.014006375,0.002255
28,QP2423,2,2,2,2,58,16.121,1.7,4.59435011,0.013696183,0.001747
28,QP2625,69,69,3,3,87,17.674,0.4,5.642188314,0.013995314,0.001856
28,QP2726,4,4,0,0,100,18.343,0.6,6.156088468,0.014455544,0.002417
28,R31,1,1,0,0,147,18.177,2,6.085079067,0.014764589,0.002316
28,S29,58.31,7,0,0,111,16.76,1.7,6.394496666,0.013452353,0.002414
28,S30,14.666,2,0,0,122,17.873,1.9,6.3905984,0.013897558,0.001952
28,S31,0,0,16.6589,1,132,18.04,2.1,6.093261242,0.014232538,0.002154
28,T25,33.408,16,15.959,2,73,18.98,-1.4,5.657105228,0.015671389,0.001628
28,U25,7,7,47.1805,5,70,17.28,-1.5,5.850253486,0.014046061,0.001649
28,U26,81,81,140.5584,24,76,17.273,-1.4,5.880490713,0.013934615,0.001589
28,V25,222.663,21,107.2876,14,62,16.656,-1.5,6.051011526,0.013330029,0.001749
28,V26,119.84,40,398.0676,28,72,17.396,-1.5,5.80326188,0.014551172,0.001544
33,H18,2,2,0,0,74,17.655,-0.7,3.312258852,0.015714934,0.001505
33,I18,5,5,0,0,71,17.168,-0.2,3.464881134,0.01426035,0.001726
33,I21,1,1,0,0,73,15.877,-0.3,3.407365428,0.012535312,0.001424
33,I23,0,0,1.4546,1,99,17.1,2.8,4.53177275,0.013869834,0.002579
33,J18,22,22,38,38,69,17.01,-1.3,3.53616725,0.013955533,0.001729
33,J19,14,14,26,26,70,17.674,-1.4,3.383303385,0.016108009,0.001967
33,J20,14,14,5,5,70,17.531,-1.3,3.420389645,0.014342088,0.001781
33,J21,2,2,0,0,74,21.313,-0.7,3.782849245,0.017883537,0.001866
33,J22,1,1,0,0,86,17.659,1.2,4.363528075,0.014132744,0.002204
33,JI2019,6,6,18,18,66,16.21,-1.4,3.256647755,0.013214119,0.001637
33,JI2120,0,0,2,2,71,16.959,-1.1,3.396841343,0.013854358,0.001986
33,JI2221,1,1,0,0,77,17.237,0.3,3.883139896,0.014156848,0.001922
33,K20,21,21,6,6,69,17.227,-1.4,3.628743979,0.014038138,0.001657
33,K21,24,24,12,12,73,16.812,-1.2,4.01417833,0.014244035,0.001774
33,L20,7,7,2,2,67,17.602,-1.1,3.825626356,0.014241084,0.001801
33,L21,3,3,1,1,73,16.83,-1.4,4.260148815,0.014195496,0.001732
33,L22,2,2,0,0,82,17.487,-0.1,4.762805981,0.014142943,0.001803
33,L23,2,2,0,0,92,17.397,1.2,5.095623434,0.014065082,0.001973
33,L24,0,0,1,1,101,17.608,2.1,5.139558957,0.014071393,0.002287
33,N20,0,0,1.5681,1,60,16.65,-1.2,4.226803119,0.014014547,0.001513
33,N21,20,20,11.9208,8,68,16.959,-1.5,4.659262716,0.013547802,0.001949
33,N22,8,8,9.6962,2,75,17.666,-1.5,4.932028292,0.01470491,0.001568
33,N24,3,3,0,0,87,17.36,-0.4,5.126624379,0.013771977,0.002281
33,N25,1,1,0,0,102,17.654,1.6,5.248364893,0.014334626,0.002505
33,O20,7,7,55.5988,29,56,17.214,-1.4,4.336545986,0.014288522,0.001493
33,O22,7,7,14.559,5,72,18.317,-1.5,4.847790796,0.015305537,0.001688
33,O24,12,12,10.7801,1,84,17.36,-1.1,4.952238978,0.01433885,0.001958
33,O26,0,0,1,1,104,17.11,1.8,5.668704942,0.013623533,0.001917
33,P20,32,16,22.2026,7,53,16.541,-1.3,4.417112406,0.013527348,0.001825
33,P22,4,4,0,0,69,17.975,-1.5,4.755803026,0.014511419,0.001909
33,P24,0,0,1,1,65,17.432,-1,4.740610892,0.014347497,0.001689
33,P25,0,0,2,2,75,17.444,-1.1,5.172185218,0.005858907,0.001701
33,P26,8,8,3,3,97,18.02,0.6,5.834476673,0.01460554,0.00235
33,P31,1,1,0,0,135,17.362,2,5.917210233,0.013540714,0.002941
33,PO2423,3,3,9.9188,1,76,17.475,-1.3,4.763223757,0.014601968,0.001967
33,PO2625,12,12,2,2,94,17.955,-0.3,5.502575852,0.014673258,0.002079
33,PO2726,1,1,3,3,106,17.782,1.3,5.964650876,0.014091204,0.002411
33,Q20,144.768,48,316.8497,67,53,16.401,-1.5,4.688581975,0.01318333,0.001657
33,Q25,0,0,4,4,63,17.533,0,5.212279699,0.006895825,0.001558
33,Q26,9.506,1,0,0,90,19.413,-0.2,5.945693096,0.015632713,0.002159
33,Q31,1,1,1,1,147,18.04,2,6.005221973,0.014006375,0.002255
33,QP2423,0,0,1,1,58,16.121,1.7,4.59435011,0.013696183,0.001747
33,QP2524,0,0,2,2,60,16.227,0.5,4.899938737,0.009324872,0.001514
33,QP2625,9,9,0,0,87,17.674,0.4,5.642188314,0.013995314,0.001856
33,R22,1.997,1,0,0,62,18.679,-1.6,5.324869919,0.015313941,0.001636
33,R31,0,0,1,1,147,18.177,2,6.085079067,0.014764589,0.002316
33,S22,6.37,2,0,0,60,18.326,-1.4,6.151657817,0.014965762,0.001771
33,S28,0,0,38.1082,1,102,16.785,1,6.443201463,0.013340289,0.002063
33,S29,49.98,6,0,0,111,16.76,1.7,6.394496666,0.013452353,0.002414
33,S30,21.999,3,62.1193,1,122,17.873,1.9,6.3905984,0.013897558,0.001952
33,T25,14.616,7,31.918,4,73,18.98,-1.4,5.657105228,0.015671389,0.001628
33,U25,40,40,132.1054,14,70,17.28,-1.5,5.850253486,0.014046061,0.001649
33,U26,15,15,99.5622,17,76,17.273,-1.4,5.880490713,0.013934615,0.001589
33,V25,116.633,11,107.2876,14,62,16.656,-1.5,6.051011526,0.013330029,0.001749
33,V26,161.784,54,582.8847,41,72,17.396,-1.5,5.80326188,0.014551172,0.001544
38,H18,1,1,2,2,74,17.655,-0.7,3.312258852,0.015714934,0.001505
38,I18,1,1,0,0,71,17.168,-0.2,3.464881134,0.01426035,0.001726
38,I21,1,1,0,0,73,15.877,-0.3,3.407365428,0.012535312,0.001424
38,J18,7,7,10,10,69,17.01,-1.3,3.53616725,0.013955533,0.001729
38,J19,0,0,4,4,70,17.674,-1.4,3.383303385,0.016108009,0.001967
38,J20,4,4,1,1,70,17.531,-1.3,3.420389645,0.014342088,0.001781
38,JI2019,2,2,2,2,66,16.21,-1.4,3.256647755,0.013214119,0.001637
38,JI2221,1,1,0,0,77,17.237,0.3,3.883139896,0.014156848,0.001922
38,K20,5,5,0,0,69,17.227,-1.4,3.628743979,0.014038138,0.001657
38,K21,3,3,1,1,73,16.812,-1.2,4.01417833,0.014244035,0.001774
38,L21,5,5,0,0,73,16.83,-1.4,4.260148815,0.014195496,0.001732
38,L22,1,1,0,0,82,17.487,-0.1,4.762805981,0.014142943,0.001803
38,N20,0,0,4.7043,3,60,16.65,-1.2,4.226803119,0.014014547,0.001513
38,N21,6,6,7.4505,5,68,16.959,-1.5,4.659262716,0.013547802,0.001949
38,N22,3,3,4.8481,1,75,17.666,-1.5,4.932028292,0.01470491,0.001568
38,N24,31,31,50.4504,9,87,17.36,-0.4,5.126624379,0.013771977,0.002281
38,N25,3,3,0,0,102,17.654,1.6,5.248364893,0.014334626,0.002505
38,O20,9,9,82.4396,43,56,17.214,-1.4,4.336545986,0.014288522,0.001493
38,O22,18,18,32.0298,11,72,18.317,-1.5,4.847790796,0.015305537,0.001688
38,O24,80,80,64.6806,6,84,17.36,-1.1,4.952238978,0.01433885,0.001958
38,O25,4,4,12.1572,3,95,17.654,-0.2,5.291280223,0.014905952,0.001766
38,ON2524,8,8,14.1088,8,93,17.654,1.2,5.161146292,0.01480301,0.00174
38,P20,32,16,31.718,10,53,16.541,-1.3,4.417112406,0.013527348,0.001825
38,P22,10,10,23.0839,7,69,17.975,-1.5,4.755803026,0.014511419,0.001909
38,P24,2,2,1,1,65,17.432,-1,4.740610892,0.014347497,0.001689
38,P25,0,0,1,1,75,17.444,-1.1,5.172185218,0.005858907,0.001701
38,P26,3,3,4,4,97,18.02,0.6,5.834476673,0.01460554,0.00235
38,P31,5,5,0,0,135,17.362,2,5.917210233,0.013540714,0.002941
38,PO2423,14,14,99.188,10,76,17.475,-1.3,4.763223757,0.014601968,0.001967
38,PO2524,1,1,0,0,80,17.738,-1.2,5.013458814,0.014387317,0.001763
38,PO2625,18,18,23,23,94,17.955,-0.3,5.502575852,0.014673258,0.002079
38,PO2726,0,0,2,2,106,17.782,1.3,5.964650876,0.014091204,0.002411
38,Q20,63.336,21,146.6021,31,53,16.401,-1.5,4.688581975,0.01318333,0.001657
38,Q25,0,0,6,6,63,17.533,0,5.212279699,0.006895825,0.001558
38,Q26,28.518,3,0,0,90,19.413,-0.2,5.945693096,0.015632713,0.002159
38,Q31,9,9,2,2,147,18.04,2,6.005221973,0.014006375,0.002255
38,QP2423,0,0,2,2,58,16.121,1.7,4.59435011,0.013696183,0.001747
38,QP2625,7,7,3,3,87,17.674,0.4,5.642188314,0.013995314,0.001856
38,QP2726,2,2,0,0,100,18.343,0.6,6.156088468,0.014455544,0.002417
38,R26,40.76,8,56.8342,2,86,17.189,-0.8,5.983782248,0.013350664,0.002373
38,R29,0,0,78.557,5,118,17.438,1.7,6.378360304,0.014067725,0.002035
38,R30,1,1,0,0,129,18.04,2,6.348531674,0.014479741,0.0024
38,R31,1,1,1,1,147,18.177,2,6.085079067,0.014764589,0.002316
38,S22,6.37,2,94.5103,6,60,18.326,-1.4,6.151657817,0.014965762,0.001771
38,S28,8.896,2,114.3246,3,102,16.785,1,6.443201463,0.013340289,0.002063
38,S29,133.28,16,100.8337,1,111,16.76,1.7,6.394496666,0.013452353,0.002414
38,S30,29.332,4,62.1193,1,122,17.873,1.9,6.3905984,0.013897558,0.001952
38,T25,50.112,24,199.4875,25,73,18.98,-1.4,5.657105228,0.015671389,0.001628
38,T30,9.583,1,317.7738,2,117,17.873,1.8,6.407144772,0.013954879,0.001966
38,U25,24,24,84.9249,9,70,17.28,-1.5,5.850253486,0.014046061,0.001649
38,U26,10,10,117.132,20,76,17.273,-1.4,5.880490713,0.013934615,0.001589
38,V25,84.824,8,122.6144,16,62,16.656,-1.5,6.051011526,0.013330029,0.001749
38,V26,83.888,28,526.0179,37,72,17.396,-1.5,5.80326188,0.014551172,0.001544
43,H18,0,0,1,1,74,17.655,-0.7,3.312258852,0.015714934,0.001505
43,I18,4,4,1,1,71,17.168,-0.2,3.464881134,0.01426035,0.001726
43,I22,1,1,0,0,84,16.847,1.8,3.995256604,0.013787421,0.002207
43,J18,3,3,9,9,69,17.01,-1.3,3.53616725,0.013955533,0.001729
43,J19,4,4,4,4,70,17.674,-1.4,3.383303385,0.016108009,0.001967
43,J20,8,8,2,2,70,17.531,-1.3,3.420389645,0.014342088,0.001781
43,J21,1,1,0,0,74,21.313,-0.7,3.782849245,0.017883537,0.001866
43,J22,0,0,1,1,86,17.659,1.2,4.363528075,0.014132744,0.002204
43,JI2019,1,1,8,8,66,16.21,-1.4,3.256647755,0.013214119,0.001637
43,JI2120,0,0,2,2,71,16.959,-1.1,3.396841343,0.013854358,0.001986
43,K20,1,1,1,1,69,17.227,-1.4,3.628743979,0.014038138,0.001657
43,K21,3,3,7,7,73,16.812,-1.2,4.01417833,0.014244035,0.001774
43,K22,0,0,1,1,84,17.182,0.3,4.584010222,0.014312055,0.00179
43,L21,1,1,2,2,73,16.83,-1.4,4.260148815,0.014195496,0.001732
43,N20,0,0,86.2455,55,60,16.65,-1.2,4.226803119,0.014014547,0.001513
43,N21,0,0,1.4901,1,68,16.959,-1.5,4.659262716,0.013547802,0.001949
43,N22,2,2,4.8481,1,75,17.666,-1.5,4.932028292,0.01470491,0.001568
43,N24,80,80,56.056,10,87,17.36,-0.4,5.126624379,0.013771977,0.002281
43,N25,8,8,4.2927,1,102,17.654,1.6,5.248364893,0.014334626,0.002505
43,O20,28,28,130.3696,68,56,17.214,-1.4,4.336545986,0.014288522,0.001493
43,O22,8,8,20.3826,7,72,18.317,-1.5,4.847790796,0.015305537,0.001688
43,O24,50,50,226.3821,21,84,17.36,-1.1,4.952238978,0.01433885,0.001958
43,O25,22,22,12.1572,3,95,17.654,-0.2,5.291280223,0.014905952,0.001766
43,O26,1,1,0,0,104,17.11,1.8,5.668704942,0.013623533,0.001917
43,ON2524,23,23,17.636,10,93,17.654,1.2,5.161146292,0.01480301,0.00174
43,P20,34,17,88.8104,28,53,16.541,-1.3,4.417112406,0.013527348,0.001825
43,P22,8,8,19.7862,6,69,17.975,-1.5,4.755803026,0.014511419,0.001909
43,P24,0,0,1,1,65,17.432,-1,4.740610892,0.014347497,0.001689
43,P25,0,0,1,1,75,17.444,-1.1,5.172185218,0.005858907,0.001701
43,P26,24,24,9,9,97,18.02,0.6,5.834476673,0.01460554,0.00235
43,P31,2,2,5,5,135,17.362,2,5.917210233,0.013540714,0.002941
43,PO2423,18,18,39.6752,4,76,17.475,-1.3,4.763223757,0.014601968,0.001967
43,PO2524,0,0,3,3,80,17.738,-1.2,5.013458814,0.014387317,0.001763
43,PO2625,16,16,24,24,94,17.955,-0.3,5.502575852,0.014673258,0.002079
43,PO2726,2,2,2,2,106,17.782,1.3,5.964650876,0.014091204,0.002411
43,Q20,129.688,43,307.3915,65,53,16.401,-1.5,4.688581975,0.01318333,0.001657
43,Q25,0,0,3,3,63,17.533,0,5.212279699,0.006895825,0.001558
43,Q26,190.12,20,62.3517,1,90,19.413,-0.2,5.945693096,0.015632713,0.002159
43,Q31,2,2,0,0,147,18.04,2,6.005221973,0.014006375,0.002255
43,QP2423,1,1,0,0,58,16.121,1.7,4.59435011,0.013696183,0.001747
43,QP2524,0,0,1,1,60,16.227,0.5,4.899938737,0.009324872,0.001514
43,QP2625,1,1,3,3,87,17.674,0.4,5.642188314,0.013995314,0.001856
43,QP2726,4,4,58.0296,6,100,18.343,0.6,6.156088468,0.014455544,0.002417
43,R22,61.907,31,290.0608,34,62,18.679,-1.6,5.324869919,0.015313941,0.001636
43,R26,188.515,37,341.0052,12,86,17.189,-0.8,5.983782248,0.013350664,0.002373
43,R29,17.95,2,267.0938,17,118,17.438,1.7,6.378360304,0.014067725,0.002035
43,R31,0,0,2,2,147,18.177,2,6.085079067,0.014764589,0.002316
43,S22,168.805,53,1478.4143,86,60,18.326,-1.4,6.151657817,0.014965762,0.001771
43,S28,26.688,6,381.082,10,102,16.785,1,6.443201463,0.013340289,0.002063
43,S29,149.94,18,201.6674,2,111,16.76,1.7,6.394496666,0.013452353,0.002414
43,S30,36.665,5,124.2386,2,122,17.873,1.9,6.3905984,0.013897558,0.001952
43,T25,125.28,60,694.2165,87,73,18.98,-1.4,5.657105228,0.015671389,0.001628
43,T30,210.826,22,1429.9821,9,117,17.873,1.8,6.407144772,0.013954879,0.001966
43,U25,75,75,311.3913,33,70,17.28,-1.5,5.850253486,0.014046061,0.001649
43,U26,13,13,234.264,40,76,17.273,-1.4,5.880490713,0.013934615,0.001589
43,V25,87.824,11,344.853,45,62,16.656,-1.5,6.051011526,0.013330029,0.001749
43,V26,68.908,23,454.9344,32,72,17.396,-1.5,5.80326188,0.014551172,0.001544
48,G18,0,0,1,1,81,17.73,-0.5,3.210886413,0.015709323,0.001757
48,H18,0,0,1,1,74,17.655,-0.7,3.312258852,0.015714934,0.001505
48,I18,6,6,4,4,71,17.168,-0.2,3.464881134,0.01426035,0.001726
48,J18,2,2,2,2,69,17.01,-1.3,3.53616725,0.013955533,0.001729
48,J19,4,4,3,3,70,17.674,-1.4,3.383303385,0.016108009,0.001967
48,J20,6,6,1,1,70,17.531,-1.3,3.420389645,0.014342088,0.001781
48,J23,1,1,0,0,98,17.654,2,4.825662831,0.014478744,0.002223
48,JI2019,1,1,2,2,66,16.21,-1.4,3.256647755,0.013214119,0.001637
48,K20,0,0,1,1,69,17.227,-1.4,3.628743979,0.014038138,0.001657
48,K21,2,2,1,1,73,16.812,-1.2,4.01417833,0.014244035,0.001774
48,L20,1,1,3,3,67,17.602,-1.1,3.825626356,0.014241084,0.001801
48,L22,0,0,1,1,82,17.487,-0.1,4.762805981,0.014142943,0.001803
48,L23,0,0,1,1,92,17.397,1.2,5.095623434,0.014065082,0.001973
48,L24,3,3,0,0,101,17.608,2.1,5.139558957,0.014071393,0.002287
48,N20,1,1,116.0394,74,60,16.65,-1.2,4.226803119,0.014014547,0.001513
48,N21,9,9,10.4307,7,68,16.959,-1.5,4.659262716,0.013547802,0.001949
48,N22,14,14,38.7848,8,75,17.666,-1.5,4.932028292,0.01470491,0.001568
48,N24,58.79,52,44.8448,8,87,17.36,-0.4,5.126624379,0.013771977,0.002281
48,N25,8,8,21.4635,5,102,17.654,1.6,5.248364893,0.014334626,0.002505
48,O20,15,15,101.6116,53,56,17.214,-1.4,4.336545986,0.014288522,0.001493
48,O22,11,11,29.118,10,72,18.317,-1.5,4.847790796,0.015305537,0.001688
48,O24,9,9,64.6806,6,84,17.36,-1.1,4.952238978,0.01433885,0.001958
48,O25,17,17,16.2096,4,95,17.654,-0.2,5.291280223,0.014905952,0.001766
48,O27,0,0,1,1,116,17.873,2.1,5.926751027,0.014444706,0.002441
48,ON2524,17,17,8.818,5,93,17.654,1.2,5.161146292,0.01480301,0.00174
48,ON2625,1,1,1,1,102,17.654,1.9,5.422878264,0.014216243,0.001867
48,P20,52,26,117.3566,37,53,16.541,-1.3,4.417112406,0.013527348,0.001825
48,P22,12,12,32.977,10,69,17.975,-1.5,4.755803026,0.014511419,0.001909
48,P24,0,0,1,1,65,17.432,-1,4.740610892,0.014347497,0.001689
48,P26,5,5,3,3,97,18.02,0.6,5.834476673,0.01460554,0.00235
48,P31,10,10,10,10,135,17.362,2,5.917210233,0.013540714,0.002941
48,P32,2,2,0,0,141,17.008,2.1,5.049570539,0.012877846,0.002357
48,PO2423,14,14,49.594,5,76,17.475,-1.3,4.763223757,0.014601968,0.001967
48,PO2524,1,1,2,2,80,17.738,-1.2,5.013458814,0.014387317,0.001763
48,PO2625,1,1,2,2,94,17.955,-0.3,5.502575852,0.014673258,0.002079
48,PO2726,0,0,1,1,106,17.782,1.3,5.964650876,0.014091204,0.002411
48,Q20,72.384,24,189.164,40,53,16.401,-1.5,4.688581975,0.01318333,0.001657
48,Q25,2,2,3,3,63,17.533,0,5.212279699,0.006895825,0.001558
48,Q26,705.444,76,685.8687,11,90,19.413,-0.2,5.945693096,0.015632713,0.002159
48,Q31,2,2,0,0,147,18.04,2,6.005221973,0.014006375,0.002255
48,QP2625,0,0,1,1,87,17.674,0.4,5.642188314,0.013995314,0.001856
48,QP2726,6,6,106.3876,11,100,18.343,0.6,6.156088468,0.014455544,0.002417
48,R22,173.739,87,742.2144,87,62,18.679,-1.6,5.324869919,0.015313941,0.001636
48,R26,264.94,52,341.0052,12,86,17.189,-0.8,5.983782248,0.013350664,0.002373
48,R29,26.925,3,94.2684,6,118,17.438,1.7,6.378360304,0.014067725,0.002035
48,R30,0,0,13.3556,4,129,18.04,2,6.348531674,0.014479741,0.0024
48,R31,1,1,6,6,147,18.177,2,6.085079067,0.014764589,0.002316
48,S22,194.285,61,1502.4632,89,60,18.326,-1.4,6.151657817,0.014965762,0.001771
48,S28,137.888,31,685.9476,18,102,16.785,1,6.443201463,0.013340289,0.002063
48,S29,591.43,71,1109.1707,11,111,16.76,1.7,6.394496666,0.013452353,0.002414
48,S30,80.663,11,434.8351,7,122,17.873,1.9,6.3905984,0.013897558,0.001952
48,T25,116.928,56,502.7085,63,73,18.98,-1.4,5.657105228,0.015671389,0.001628
48,T30,220.409,23,2383.3035,15,117,17.873,1.8,6.407144772,0.013954879,0.001966
48,U25,75,75,528.4216,56,70,17.28,-1.5,5.850253486,0.014046061,0.001649
48,U26,13,13,216.6942,37,76,17.273,-1.4,5.880490713,0.013934615,0.001589
48,V25,107.824,31,268.219,35,62,16.656,-1.5,6.051011526,0.013330029,0.001749
48,V26,66.912,23,426.501,30,72,17.396,-1.5,5.80326188,0.014551172,0.001544
53,G18,0,0,1,1,81,17.73,-0.5,3.210886413,0.015709323,0.001757
53,H18,0,0,2,2,74,17.655,-0.7,3.312258852,0.015714934,0.001505
53,I18,2,2,2,2,71,17.168,-0.2,3.464881134,0.01426035,0.001726
53,I22,1,1,1.3444,1,84,16.847,1.8,3.995256604,0.013787421,0.002207
53,I23,1,1,0,0,99,17.1,2.8,4.53177275,0.013869834,0.002579
53,IH2120,0,0,1,1,69,19.724,-0.5,3.084690721,0.01393945,0.001573
53,J19,1,1,3,3,70,17.674,-1.4,3.383303385,0.016108009,0.001967
53,J20,4,4,0,0,70,17.531,-1.3,3.420389645,0.014342088,0.001781
53,J21,0,0,1.8528,1,74,21.313,-0.7,3.782849245,0.017883537,0.001866
53,J22,1,1,0,0,86,17.659,1.2,4.363528075,0.014132744,0.002204
53,J23,0,0,2,2,98,17.654,2,4.825662831,0.014478744,0.002223
53,J24,6,6,0,0,104,17.238,2.2,4.898351515,0.010564225,0.001779
53,JI2019,1,1,1,1,66,16.21,-1.4,3.256647755,0.013214119,0.001637
53,JI2120,0,0,1,1,71,16.959,-1.1,3.396841343,0.013854358,0.001986
53,JI2221,1,1,0,0,77,17.237,0.3,3.883139896,0.014156848,0.001922
53,K20,2,2,0,0,69,17.227,-1.4,3.628743979,0.014038138,0.001657
53,K23,1,1,1,1,95,17.373,1.8,5.003959037,0.014136851,0.001984
53,K24,2,2,1,1,102,17.068,2.5,5.064305575,0.013814022,0.002303
53,L20,1,1,2,2,67,17.602,-1.1,3.825626356,0.014241084,0.001801
53,L21,3,3,1,1,73,16.83,-1.4,4.260148815,0.014195496,0.001732
53,L22,2,2,1,1,82,17.487,-0.1,4.762805981,0.014142943,0.001803
53,L23,5,5,2,2,92,17.397,1.2,5.095623434,0.014065082,0.001973
53,N20,2,2,42.3387,27,60,16.65,-1.2,4.226803119,0.014014547,0.001513
53,N21,15,15,29.802,20,68,16.959,-1.5,4.659262716,0.013547802,0.001949
53,N22,40,40,96.962,20,75,17.666,-1.5,4.932028292,0.01470491,0.001568
53,N24,36.79,30,39.2392,7,87,17.36,-0.4,5.126624379,0.013771977,0.002281
53,N25,16,16,8.5854,2,102,17.654,1.6,5.248364893,0.014334626,0.002505
53,N26,2,2,0,0,110,17.28,2.1,5.396134818,0.014423914,0.002565
53,O20,13,13,30.6752,16,56,17.214,-1.4,4.336545986,0.014288522,0.001493
53,O22,25,25,64.0596,22,72,18.317,-1.5,4.847790796,0.015305537,0.001688
53,O24,8,8,10.7801,1,84,17.36,-1.1,4.952238978,0.01433885,0.001958
53,O25,7,7,12.1572,3,95,17.654,-0.2,5.291280223,0.014905952,0.001766
53,O26,0,0,2,2,104,17.11,1.8,5.668704942,0.013623533,0.001917
53,O27,1,1,4,4,116,17.873,2.1,5.926751027,0.014444706,0.002441
53,ON2524,8,8,8.818,5,93,17.654,1.2,5.161146292,0.01480301,0.00174
53,ON2625,2,2,0,0,102,17.654,1.9,5.422878264,0.014216243,0.001867
53,P20,36,18,107.8412,34,53,16.541,-1.3,4.417112406,0.013527348,0.001825
53,P22,39,39,79.1448,24,69,17.975,-1.5,4.755803026,0.014511419,0.001909
53,P26,5,5,6,6,97,18.02,0.6,5.834476673,0.01460554,0.00235
53,P27,1,1,1,1,108,17.26,1.2,6.220015486,0.014115351,0.001956
53,P30,0,0,4,4,141,17.568,2.4,6.08594163,0.013706497,0.002482
53,P31,15,15,18,18,135,17.362,2,5.917210233,0.013540714,0.002941
53,PO2423,34,34,99.188,10,76,17.475,-1.3,4.763223757,0.014601968,0.001967
53,PO2524,1,1,0,0,80,17.738,-1.2,5.013458814,0.014387317,0.001763
53,PO2726,0,0,2,2,106,17.782,1.3,5.964650876,0.014091204,0.002411
53,Q20,33.176,11,47.291,10,53,16.401,-1.5,4.688581975,0.01318333,0.001657
53,Q25,1,1,1,1,63,17.533,0,5.212279699,0.006895825,0.001558
53,Q26,570.36,60,1122.3306,18,90,19.413,-0.2,5.945693096,0.015632713,0.002159
53,Q30,1,1,3,3,137,18.04,2.1,6.254995441,0.014274615,0.002419
53,Q31,4,4,4,4,147,18.04,2,6.005221973,0.014006375,0.002255
53,QP2423,0,0,1,1,58,16.121,1.7,4.59435011,0.013696183,0.001747
53,QP2625,2,2,3,3,87,17.674,0.4,5.642188314,0.013995314,0.001856
53,QP2726,4,4,87.0444,9,100,18.343,0.6,6.156088468,0.014455544,0.002417
53,R22,117.823,59,418.0288,49,62,18.679,-1.6,5.324869919,0.015313941,0.001636
53,R26,112.09,22,85.2513,3,86,17.189,-0.8,5.983782248,0.013350664,0.002373
53,R29,35.9,4,47.1342,3,118,17.438,1.7,6.378360304,0.014067725,0.002035
53,R30,10,10,50.0835,15,129,18.04,2,6.348531674,0.014479741,0.0024
53,R31,0,0,6,6,147,18.177,2,6.085079067,0.014764589,0.002316
53,S22,47.775,15,526.9803,31,60,18.326,-1.4,6.151657817,0.014965762,0.001771
53,S28,88.96,20,342.9738,9,102,16.785,1,6.443201463,0.013340289,0.002063
53,S29,424.83,51,806.6696,8,111,16.76,1.7,6.394496666,0.013452353,0.002414
53,S30,168.659,23,993.9088,16,122,17.873,1.9,6.3905984,0.013897558,0.001952
53,S31,14.07,2,99.9534,6,132,18.04,2.1,6.093261242,0.014232538,0.002154
53,T25,35.496,17,183.5285,23,73,18.98,-1.4,5.657105228,0.015671389,0.001628
53,T30,239.575,25,1271.0952,8,117,17.873,1.8,6.407144772,0.013954879,0.001966
53,U25,22,22,311.3913,33,70,17.28,-1.5,5.850253486,0.014046061,0.001649
53,U26,9,9,87.849,15,76,17.273,-1.4,5.880490713,0.013934615,0.001589
53,V25,116.221,49,130.2778,17,62,16.656,-1.5,6.051011526,0.013330029,0.001749
53,V26,33.964,16,156.3837,11,72,17.396,-1.5,5.80326188,0.014551172,0.001544
58,F18,5,5,7,7,107,17.882,2.3,3.309177913,0.013930624,0.002155
58,F22,1,1,0,0,113,17.814,3.7,3.66151186,0.01465671,0.001968
58,G18,1,1,5,5,81,17.73,-0.5,3.210886413,0.015709323,0.001757
58,G22,2,2,1,1,94,16.924,2.9,3.504982695,0.014116886,0.002027
58,GF2221,0,0,1,1,100,17.421,3.3,3.231405051,0.01423686,0.002465
58,H18,0,0,2,2,74,17.655,-0.7,3.312258852,0.015714934,0.001505
58,I18,1,1,4,4,71,17.168,-0.2,3.464881134,0.01426035,0.001726
58,I21,0,0,1,1,73,15.877,-0.3,3.407365428,0.012535312,0.001424
58,I22,2,2,4.0332,3,84,16.847,1.8,3.995256604,0.013787421,0.002207
58,I23,0,0,1.4546,1,99,17.1,2.8,4.53177275,0.013869834,0.002579
58,IH2120,1,1,2,2,69,19.724,-0.5,3.084690721,0.01393945,0.001573
58,J18,3,3,3,3,69,17.01,-1.3,3.53616725,0.013955533,0.001729
58,J19,2,2,3,3,70,17.674,-1.4,3.383303385,0.016108009,0.001967
58,J20,1,1,4,4,70,17.531,-1.3,3.420389645,0.014342088,0.001781
58,J21,3,3,0,0,74,21.313,-0.7,3.782849245,0.017883537,0.001866
58,J22,1,1,0,0,86,17.659,1.2,4.363528075,0.014132744,0.002204
58,J23,3,3,3,3,98,17.654,2,4.825662831,0.014478744,0.002223
58,J24,10,10,1,1,104,17.238,2.2,4.898351515,0.010564225,0.001779
58,J25,1,1,0,0,108,18.31,2.8,4.497124707,0.01693322,0.002364
58,JI2019,1,1,4,4,66,16.21,-1.4,3.256647755,0.013214119,0.001637
58,JI2120,0,0,1,1,71,16.959,-1.1,3.396841343,0.013854358,0.001986
58,JI2221,5,5,0,0,77,17.237,0.3,3.883139896,0.014156848,0.001922
58,K20,1,1,3,3,69,17.227,-1.4,3.628743979,0.014038138,0.001657
58,K21,3,3,3,3,73,16.812,-1.2,4.01417833,0.014244035,0.001774
58,K22,1,1,0,0,84,17.182,0.3,4.584010222,0.014312055,0.00179
58,K23,2,2,1,1,95,17.373,1.8,5.003959037,0.014136851,0.001984
58,K24,1,1,0,0,102,17.068,2.5,5.064305575,0.013814022,0.002303
58,L20,7,7,3,3,67,17.602,-1.1,3.825626356,0.014241084,0.001801
58,L21,4,4,4,4,73,16.83,-1.4,4.260148815,0.014195496,0.001732
58,L22,6,6,7,7,82,17.487,-0.1,4.762805981,0.014142943,0.001803
58,L23,6,6,3,3,92,17.397,1.2,5.095623434,0.014065082,0.001973
58,L24,2,2,1,1,101,17.608,2.1,5.139558957,0.014071393,0.002287
58,L25,0,0,2,2,112,17.441,2.6,4.907495526,0.01400404,0.002199
58,N20,3,3,29.7939,19,60,16.65,-1.2,4.226803119,0.014014547,0.001513
58,N21,29,29,95.3664,64,68,16.959,-1.5,4.659262716,0.013547802,0.001949
58,N22,97,97,276.3417,57,75,17.666,-1.5,4.932028292,0.01470491,0.001568
58,N24,51,51,56.056,10,87,17.36,-0.4,5.126624379,0.013771977,0.002281
58,N25,29,29,47.2197,11,102,17.654,1.6,5.248364893,0.014334626,0.002505
58,N26,1,1,2,2,110,17.28,2.1,5.396134818,0.014423914,0.002565
58,O20,7,7,19.172,10,56,17.214,-1.4,4.336545986,0.014288522,0.001493
58,O22,44,44,84.4422,29,72,18.317,-1.5,4.847790796,0.015305537,0.001688
58,O24,27,27,64.6806,6,84,17.36,-1.1,4.952238978,0.01433885,0.001958
58,O25,10,10,12.1572,3,95,17.654,-0.2,5.291280223,0.014905952,0.001766
58,O26,2,2,7,7,104,17.11,1.8,5.668704942,0.013623533,0.001917
58,O27,6,6,7,7,116,17.873,2.1,5.926751027,0.014444706,0.002441
58,ON2524,7,7,10.5816,6,93,17.654,1.2,5.161146292,0.01480301,0.00174
58,ON2625,4,4,1,1,102,17.654,1.9,5.422878264,0.014216243,0.001867
58,P20,28,14,66.6078,21,53,16.541,-1.3,4.417112406,0.013527348,0.001825
58,P22,64,64,138.5034,42,69,17.975,-1.5,4.755803026,0.014511419,0.001909
58,P24,0,0,3,3,65,17.432,-1,4.740610892,0.014347497,0.001689
58,P25,1,1,0,0,75,17.444,-1.1,5.172185218,0.005858907,0.001701
58,P26,0,0,2,2,97,18.02,0.6,5.834476673,0.01460554,0.00235
58,P27,3,3,2,2,108,17.26,1.2,6.220015486,0.014115351,0.001956
58,P30,1,1,5,5,141,17.568,2.4,6.08594163,0.013706497,0.002482
58,P31,4,4,4,4,135,17.362,2,5.917210233,0.013540714,0.002941
58,PO2423,23,23,89.2692,9,76,17.475,-1.3,4.763223757,0.014601968,0.001967
58,PO2524,2,2,2,2,80,17.738,-1.2,5.013458814,0.014387317,0.001763
58,PO2625,2,2,4,4,94,17.955,-0.3,5.502575852,0.014673258,0.002079
58,PO2726,5,5,5,5,106,17.782,1.3,5.964650876,0.014091204,0.002411
58,Q20,18.096,6,42.5619,9,53,16.401,-1.5,4.688581975,0.01318333,0.001657
58,Q26,180.614,19,124.7034,2,90,19.413,-0.2,5.945693096,0.015632713,0.002159
58,Q30,2,2,7,7,137,18.04,2.1,6.254995441,0.014274615,0.002419
58,Q31,0,0,2,2,147,18.04,2,6.005221973,0.014006375,0.002255
58,QP2625,3,3,0,0,87,17.674,0.4,5.642188314,0.013995314,0.001856
58,QP2726,4,4,48.358,5,100,18.343,0.6,6.156088468,0.014455544,0.002417
58,R22,75.886,38,375.3728,44,62,18.679,-1.6,5.324869919,0.015313941,0.001636
58,R26,40.76,8,85.2513,3,86,17.189,-0.8,5.983782248,0.013350664,0.002373
58,R29,44.875,5,62.8456,4,118,17.438,1.7,6.378360304,0.014067725,0.002035
58,R30,11,11,16.6945,5,129,18.04,2,6.348531674,0.014479741,0.0024
58,R31,3,3,10,10,147,18.177,2,6.085079067,0.014764589,0.002316
58,R32,2,2,0,0,162,18.177,2.5,5.085582753,0.014663897,0.002538
58,S22,31.85,10,190.2868,11,60,18.326,-1.4,6.151657817,0.014965762,0.001771
58,S28,4.448,1,114.3246,3,102,16.785,1,6.443201463,0.013340289,0.002063
58,S29,108.29,13,605.0022,6,111,16.76,1.7,6.394496666,0.013452353,0.002414
58,S30,80.663,11,248.4772,4,122,17.873,1.9,6.3905984,0.013897558,0.001952
58,S31,126.63,18,283.2013,17,132,18.04,2.1,6.093261242,0.014232538,0.002154
58,T25,12.528,6,79.795,10,73,18.98,-1.4,5.657105228,0.015671389,0.001628
58,T30,95.83,10,953.3214,6,117,17.873,1.8,6.407144772,0.013954879,0.001966
58,U25,12,12,84.9249,9,70,17.28,-1.5,5.850253486,0.014046061,0.001649
58,U26,8,8,89.6825,16,76,17.273,-1.4,5.880490713,0.013934615,0.001589
58,V25,21,21,91.9608,12,62,16.656,-1.5,6.051011526,0.013330029,0.001749
58,V26,17.992,14,142.167,10,72,17.396,-1.5,5.80326188,0.014551172,0.001544
63,F18,4,4,16,16,107,17.882,2.3,3.309177913,0.013930624,0.002155
63,G18,1,1,12,12,81,17.73,-0.5,3.210886413,0.015709323,0.001757
63,G22,4,4,0,0,94,16.924,2.9,3.504982695,0.014116886,0.002027
63,GF2221,1,1,0,0,100,17.421,3.3,3.231405051,0.01423686,0.002465
63,H18,4,4,2,2,74,17.655,-0.7,3.312258852,0.015714934,0.001505
63,I18,5,5,10,10,71,17.168,-0.2,3.464881134,0.01426035,0.001726
63,I21,2,2,4,4,73,15.877,-0.3,3.407365428,0.012535312,0.001424
63,I22,2,2,6.722,5,84,16.847,1.8,3.995256604,0.013787421,0.002207
63,I23,3,3,2.9092,2,99,17.1,2.8,4.53177275,0.013869834,0.002579
63,IH2120,0,0,5,5,69,19.724,-0.5,3.084690721,0.01393945,0.001573
63,J18,4,4,3,3,69,17.01,-1.3,3.53616725,0.013955533,0.001729
63,J19,1,1,5,5,70,17.674,-1.4,3.383303385,0.016108009,0.001967
63,J20,1,1,4,4,70,17.531,-1.3,3.420389645,0.014342088,0.001781
63,J21,2,2,1.8528,1,74,21.313,-0.7,3.782849245,0.017883537,0.001866
63,J22,2,2,2,2,86,17.659,1.2,4.363528075,0.014132744,0.002204
63,J23,2,2,4,4,98,17.654,2,4.825662831,0.014478744,0.002223
63,J24,8,8,0,0,104,17.238,2.2,4.898351515,0.010564225,0.001779
63,J25,6,6,2,2,108,18.31,2.8,4.497124707,0.01693322,0.002364
63,JI2019,2,2,11,11,66,16.21,-1.4,3.256647755,0.013214119,0.001637
63,JI2120,0,0,4,4,71,16.959,-1.1,3.396841343,0.013854358,0.001986
63,JI2221,2,2,1,1,77,17.237,0.3,3.883139896,0.014156848,0.001922
63,K20,2,2,1,1,69,17.227,-1.4,3.628743979,0.014038138,0.001657
63,K21,0,0,2,2,73,16.812,-1.2,4.01417833,0.014244035,0.001774
63,K22,5,5,1,1,84,17.182,0.3,4.584010222,0.014312055,0.00179
63,K23,0,0,2,2,95,17.373,1.8,5.003959037,0.014136851,0.001984
63,K24,3,3,2,2,102,17.068,2.5,5.064305575,0.013814022,0.002303
63,K25,2,2,0,0,109,17.441,2.8,4.726845964,0.01565666,0.002086
63,L20,5,5,7,7,67,17.602,-1.1,3.825626356,0.014241084,0.001801
63,L21,3,3,10,10,73,16.83,-1.4,4.260148815,0.014195496,0.001732
63,L22,40,40,44,44,82,17.487,-0.1,4.762805981,0.014142943,0.001803
63,L23,8,8,3,3,92,17.397,1.2,5.095623434,0.014065082,0.001973
63,L24,3,3,1,1,101,17.608,2.1,5.139558957,0.014071393,0.002287
63,L25,1,1,0,0,112,17.441,2.6,4.907495526,0.01400404,0.002199
63,N20,4,4,37.6344,24,60,16.65,-1.2,4.226803119,0.014014547,0.001513
63,N21,42,42,129.6387,87,68,16.959,-1.5,4.659262716,0.013547802,0.001949
63,N22,62,62,290.886,60,75,17.666,-1.5,4.932028292,0.01470491,0.001568
63,N24,30,30,78.4483,16,87,17.36,-0.4,5.126624379,0.013771977,0.002281
63,N25,37,37,13.8781,4,102,17.654,1.6,5.248364893,0.014334626,0.002505
63,N26,3,3,3,3,110,17.28,2.1,5.396134818,0.014423914,0.002565
63,N27,1,1,0,0,120,17.873,2.4,5.454663137,0.014137261,0.002595
63,O20,4,4,11.5032,6,56,17.214,-1.4,4.336545986,0.014288522,0.001493
63,O22,56,56,66.9714,23,72,18.317,-1.5,4.847790796,0.015305537,0.001688
63,O24,26,26,46.1204,7,84,17.36,-1.1,4.952238978,0.01433885,0.001958
63,O25,18,18,28.3668,7,95,17.654,-0.2,5.291280223,0.014905952,0.001766
63,O26,5,5,16,16,104,17.11,1.8,5.668704942,0.013623533,0.001917
63,O27,9,9,12,12,116,17.873,2.1,5.926751027,0.014444706,0.002441
63,ON2524,5,5,15.8724,9,93,17.654,1.2,5.161146292,0.01480301,0.00174
63,ON2625,7,7,3,3,102,17.654,1.9,5.422878264,0.014216243,0.001867
63,P20,20,10,47.577,15,53,16.541,-1.3,4.417112406,0.013527348,0.001825
63,P22,53,53,115.4195,35,69,17.975,-1.5,4.755803026,0.014511419,0.001909
63,P24,0,0,5,5,65,17.432,-1,4.740610892,0.014347497,0.001689
63,P25,0,0,1,1,75,17.444,-1.1,5.172185218,0.005858907,0.001701
63,P26,2,2,2,2,97,18.02,0.6,5.834476673,0.01460554,0.00235
63,P27,4,4,5,5,108,17.26,1.2,6.220015486,0.014115351,0.001956
63,P30,0,0,1,1,141,17.568,2.4,6.08594163,0.013706497,0.002482
63,P31,3,3,2,2,135,17.362,2,5.917210233,0.013540714,0.002941
63,P32,1,1,0,0,141,17.008,2.1,5.049570539,0.012877846,0.002357
63,PO2423,9,9,89.2692,9,76,17.475,-1.3,4.763223757,0.014601968,0.001967
63,PO2524,1,1,4,4,80,17.738,-1.2,5.013458814,0.014387317,0.001763
63,PO2625,3,3,2,2,94,17.955,-0.3,5.502575852,0.014673258,0.002079
63,PO2726,1,1,6,6,106,17.782,1.3,5.964650876,0.014091204,0.002411
63,Q20,9.048,3,9.4582,2,53,16.401,-1.5,4.688581975,0.01318333,0.001657
63,Q25,0,0,1,1,63,17.533,0,5.212279699,0.006895825,0.001558
63,Q26,57.036,6,62.3517,1,90,19.413,-0.2,5.945693096,0.015632713,0.002159
63,Q30,1,1,3,3,137,18.04,2.1,6.254995441,0.014274615,0.002419
63,Q31,1,1,2,2,147,18.04,2,6.005221973,0.014006375,0.002255
63,QP2625,9,9,3,3,87,17.674,0.4,5.642188314,0.013995314,0.001856
63,QP2726,13,13,77.3728,8,100,18.343,0.6,6.156088468,0.014455544,0.002417
63,R22,39.94,20,173.9142,21,62,18.679,-1.6,5.324869919,0.015313941,0.001636
63,R26,10.19,2,28.4171,1,86,17.189,-0.8,5.983782248,0.013350664,0.002373
63,R29,35.9,4,94.2684,6,118,17.438,1.7,6.378360304,0.014067725,0.002035
63,R30,11,11,33.389,10,129,18.04,2,6.348531674,0.014479741,0.0024
63,R31,6,6,4,4,147,18.177,2,6.085079067,0.014764589,0.002316
63,R32,0,0,2,2,162,18.177,2.5,5.085582753,0.014663897,0.002538
63,S22,6.37,2,34.5976,2,60,18.326,-1.4,6.151657817,0.014965762,0.001771
63,S28,26.688,6,0,0,102,16.785,1,6.443201463,0.013340289,0.002063
63,S29,66.64,8,302.5011,3,111,16.76,1.7,6.394496666,0.013452353,0.002414
63,S30,43.998,6,186.3579,3,122,17.873,1.9,6.3905984,0.013897558,0.001952
63,S31,126.63,18,283.2013,17,132,18.04,2.1,6.093261242,0.014232538,0.002154
63,T25,12.528,6,23.9385,3,73,18.98,-1.4,5.657105228,0.015671389,0.001628
63,T30,47.915,5,158.8869,1,117,17.873,1.8,6.407144772,0.013954879,0.001966
63,U25,6,6,75.4888,8,70,17.28,-1.5,5.850253486,0.014046061,0.001649
63,U26,1,1,17.5698,3,76,17.273,-1.4,5.880490713,0.013934615,0.001589
63,V25,29,29,30.6536,4,62,16.656,-1.5,6.051011526,0.013330029,0.001749
63,V26,8,8,56.8668,4,72,17.396,-1.5,5.80326188,0.014551172,0.001544
68,F18,4,4,9,9,107,17.882,2.3,3.309177913,0.013930624,0.002155
68,F21,0,0,1,1,97,17.654,2.3,3.031825009,0.014396391,0.002062
68,F22,2,2,1,1,113,17.814,3.7,3.66151186,0.01465671,0.001968
68,G18,1,1,9,9,81,17.73,-0.5,3.210886413,0.015709323,0.001757
68,G22,1,1,0,0,94,16.924,2.9,3.504982695,0.014116886,0.002027
68,H18,2,2,1,1,74,17.655,-0.7,3.312258852,0.015714934,0.001505
68,I18,5,5,7,7,71,17.168,-0.2,3.464881134,0.01426035,0.001726
68,I21,2,2,0,0,73,15.877,-0.3,3.407365428,0.012535312,0.001424
68,I22,2,2,2.6888,2,84,16.847,1.8,3.995256604,0.013787421,0.002207
68,I23,3,3,4.3638,3,99,17.1,2.8,4.53177275,0.013869834,0.002579
68,IH2120,2,2,3,3,69,19.724,-0.5,3.084690721,0.01393945,0.001573
68,J18,0,0,3,3,69,17.01,-1.3,3.53616725,0.013955533,0.001729
68,J19,1,1,4,4,70,17.674,-1.4,3.383303385,0.016108009,0.001967
68,J20,0,0,6,6,70,17.531,-1.3,3.420389645,0.014342088,0.001781
68,J21,2,2,1.8528,1,74,21.313,-0.7,3.782849245,0.017883537,0.001866
68,J22,0,0,2,2,86,17.659,1.2,4.363528075,0.014132744,0.002204
68,J23,2,2,6,6,98,17.654,2,4.825662831,0.014478744,0.002223
68,J24,13,13,1,1,104,17.238,2.2,4.898351515,0.010564225,0.001779
68,J25,5,5,1,1,108,18.31,2.8,4.497124707,0.01693322,0.002364
68,JI2019,1,1,6,6,66,16.21,-1.4,3.256647755,0.013214119,0.001637
68,JI2120,0,0,2,2,71,16.959,-1.1,3.396841343,0.013854358,0.001986
68,JI2221,4,4,1,1,77,17.237,0.3,3.883139896,0.014156848,0.001922
68,K20,2,2,3,3,69,17.227,-1.4,3.628743979,0.014038138,0.001657
68,K21,2,2,3,3,73,16.812,-1.2,4.01417833,0.014244035,0.001774
68,K22,3,3,2,2,84,17.182,0.3,4.584010222,0.014312055,0.00179
68,K23,1,1,0,0,95,17.373,1.8,5.003959037,0.014136851,0.001984
68,K24,0,0,2,2,102,17.068,2.5,5.064305575,0.013814022,0.002303
68,K25,0,0,1,1,109,17.441,2.8,4.726845964,0.01565666,0.002086
68,L20,2,2,6,6,67,17.602,-1.1,3.825626356,0.014241084,0.001801
68,L21,4,4,18,18,73,16.83,-1.4,4.260148815,0.014195496,0.001732
68,L22,26,26,50,50,82,17.487,-0.1,4.762805981,0.014142943,0.001803
68,L23,7,7,3,3,92,17.397,1.2,5.095623434,0.014065082,0.001973
68,L24,4,4,4,4,101,17.608,2.1,5.139558957,0.014071393,0.002287
68,L25,1,1,4,4,112,17.441,2.6,4.907495526,0.01400404,0.002199
68,N20,7,7,15.681,10,60,16.65,-1.2,4.226803119,0.014014547,0.001513
68,N21,16,16,50.6634,34,68,16.959,-1.5,4.659262716,0.013547802,0.001949
68,N22,33,33,67.8734,14,75,17.666,-1.5,4.932028292,0.01470491,0.001568
68,N24,11,11,22.3923,6,87,17.36,-0.4,5.126624379,0.013771977,0.002281
68,N25,11,11,14.8781,5,102,17.654,1.6,5.248364893,0.014334626,0.002505
68,N26,5,5,1,1,110,17.28,2.1,5.396134818,0.014423914,0.002565
68,N27,2,2,0,0,120,17.873,2.4,5.454663137,0.014137261,0.002595
68,O20,1,1,1.9172,1,56,17.214,-1.4,4.336545986,0.014288522,0.001493
68,O22,13,13,17.4708,6,72,18.317,-1.5,4.847790796,0.015305537,0.001688
68,O24,8,8,28.5602,9,84,17.36,-1.1,4.952238978,0.01433885,0.001958
68,O25,13,13,22.262,7,95,17.654,-0.2,5.291280223,0.014905952,0.001766
68,O26,7,7,11,11,104,17.11,1.8,5.668704942,0.013623533,0.001917
68,O27,19,19,17,17,116,17.873,2.1,5.926751027,0.014444706,0.002441
68,ON2524,4,4,7.0544,4,93,17.654,1.2,5.161146292,0.01480301,0.00174
68,ON2625,2,2,4,4,102,17.654,1.9,5.422878264,0.014216243,0.001867
68,P20,6,3,9.5154,3,53,16.541,-1.3,4.417112406,0.013527348,0.001825
68,P22,12,12,49.4655,15,69,17.975,-1.5,4.755803026,0.014511419,0.001909
68,P24,0,0,1,1,65,17.432,-1,4.740610892,0.014347497,0.001689
68,P26,4,4,2,2,97,18.02,0.6,5.834476673,0.01460554,0.00235
68,P27,8,8,11,11,108,17.26,1.2,6.220015486,0.014115351,0.001956
68,P31,2,2,0,0,135,17.362,2,5.917210233,0.013540714,0.002941
68,P32,1,1,0,0,141,17.008,2.1,5.049570539,0.012877846,0.002357
68,PO2423,8,8,21.8376,4,76,17.475,-1.3,4.763223757,0.014601968,0.001967
68,PO2524,2,2,5,5,80,17.738,-1.2,5.013458814,0.014387317,0.001763
68,PO2625,4,4,1,1,94,17.955,-0.3,5.502575852,0.014673258,0.002079
68,PO2726,12,12,14,14,106,17.782,1.3,5.964650876,0.014091204,0.002411
68,Q20,0,0,9.4582,2,53,16.401,-1.5,4.688581975,0.01318333,0.001657
68,Q26,41.024,7,62.3517,1,90,19.413,-0.2,5.945693096,0.015632713,0.002159
68,Q30,0,0,2,2,137,18.04,2.1,6.254995441,0.014274615,0.002419
68,Q31,1,1,1,1,147,18.04,2,6.005221973,0.014006375,0.002255
68,QP2524,0,0,1,1,60,16.227,0.5,4.899938737,0.009324872,0.001514
68,QP2625,4,4,2,2,87,17.674,0.4,5.642188314,0.013995314,0.001856
68,QP2726,17,17,31.0148,5,100,18.343,0.6,6.156088468,0.014455544,0.002417
68,R22,9.985,5,42.656,5,62,18.679,-1.6,5.324869919,0.015313941,0.001636
68,R26,0,0,28.4171,1,86,17.189,-0.8,5.983782248,0.013350664,0.002373
68,R29,89.75,10,204.2482,13,118,17.438,1.7,6.378360304,0.014067725,0.002035
68,R30,16,16,16.6945,5,129,18.04,2,6.348531674,0.014479741,0.0024
68,R31,9,9,13,13,147,18.177,2,6.085079067,0.014764589,0.002316
68,R32,1,1,0,0,162,18.177,2.5,5.085582753,0.014663897,0.002538
68,S28,17.792,4,38.1082,1,102,16.785,1,6.443201463,0.013340289,0.002063
68,S29,58.31,7,0,0,111,16.76,1.7,6.394496666,0.013452353,0.002414
68,S30,58.664,8,62.1193,1,122,17.873,1.9,6.3905984,0.013897558,0.001952
68,S31,84.42,12,133.2712,8,132,18.04,2.1,6.093261242,0.014232538,0.002154
68,T25,2.088,1,0,0,73,18.98,-1.4,5.657105228,0.015671389,0.001628
68,T30,19.166,2,158.8869,1,117,17.873,1.8,6.407144772,0.013954879,0.001966
68,U25,4,4,18.8722,2,70,17.28,-1.5,5.850253486,0.014046061,0.001649
68,U26,2,2,5.8566,1,76,17.273,-1.4,5.880490713,0.013934615,0.001589
68,V25,6,6,7.6634,1,62,16.656,-1.5,6.051011526,0.013330029,0.001749
68,V26,1,1,0,0,72,17.396,-1.5,5.80326188,0.014551172,0.001544
73,F18,1,1,2,2,107,17.882,2.3,3.309177913,0.013930624,0.002155
73,F22,6,6,4,4,113,17.814,3.7,3.66151186,0.01465671,0.001968
73,G18,0,0,5,5,81,17.73,-0.5,3.210886413,0.015709323,0.001757
73,GF2221,2,2,1,1,100,17.421,3.3,3.231405051,0.01423686,0.002465
73,H18,2,2,0,0,74,17.655,-0.7,3.312258852,0.015714934,0.001505
73,H23,0,0,1,1,99,17.653,3.5,4.207180244,0.014313227,0.002664
73,I18,1,1,7,7,71,17.168,-0.2,3.464881134,0.01426035,0.001726
73,I21,1,1,0,0,73,15.877,-0.3,3.407365428,0.012535312,0.001424
73,I22,1,1,4.0332,3,84,16.847,1.8,3.995256604,0.013787421,0.002207
73,I23,7,7,7.273,5,99,17.1,2.8,4.53177275,0.013869834,0.002579
73,IH2120,1,1,1,1,69,19.724,-0.5,3.084690721,0.01393945,0.001573
73,J18,0,0,2,2,69,17.01,-1.3,3.53616725,0.013955533,0.001729
73,J19,0,0,3,3,70,17.674,-1.4,3.383303385,0.016108009,0.001967
73,J20,1,1,3,3,70,17.531,-1.3,3.420389645,0.014342088,0.001781
73,J21,1,1,1.8528,1,74,21.313,-0.7,3.782849245,0.017883537,0.001866
73,J22,0,0,3,3,86,17.659,1.2,4.363528075,0.014132744,0.002204
73,J23,1,1,2,2,98,17.654,2,4.825662831,0.014478744,0.002223
73,J24,16,16,2,2,104,17.238,2.2,4.898351515,0.010564225,0.001779
73,J25,4,4,1,1,108,18.31,2.8,4.497124707,0.01693322,0.002364
73,JI2019,0,0,6,6,66,16.21,-1.4,3.256647755,0.013214119,0.001637
73,JI2120,0,0,3,3,71,16.959,-1.1,3.396841343,0.013854358,0.001986
73,JI2221,1,1,3,3,77,17.237,0.3,3.883139896,0.014156848,0.001922
73,K20,2,2,1,1,69,17.227,-1.4,3.628743979,0.014038138,0.001657
73,K21,6,6,2,2,73,16.812,-1.2,4.01417833,0.014244035,0.001774
73,K22,3,3,3,3,84,17.182,0.3,4.584010222,0.014312055,0.00179
73,K23,3,3,3,3,95,17.373,1.8,5.003959037,0.014136851,0.001984
73,K24,3,3,4,4,102,17.068,2.5,5.064305575,0.013814022,0.002303
73,K25,1,1,0,0,109,17.441,2.8,4.726845964,0.01565666,0.002086
73,L20,13,13,6,6,67,17.602,-1.1,3.825626356,0.014241084,0.001801
73,L21,3,3,7,7,73,16.83,-1.4,4.260148815,0.014195496,0.001732
73,L22,21,21,32,32,82,17.487,-0.1,4.762805981,0.014142943,0.001803
73,L23,10,10,3,3,92,17.397,1.2,5.095623434,0.014065082,0.001973
73,L24,6,6,3,3,101,17.608,2.1,5.139558957,0.014071393,0.002287
73,L25,10,10,6,6,112,17.441,2.6,4.907495526,0.01400404,0.002199
73,N20,4,4,12.5448,8,60,16.65,-1.2,4.226803119,0.014014547,0.001513
73,N21,10,10,11.9208,8,68,16.959,-1.5,4.659262716,0.013547802,0.001949
73,N22,9,9,24.2405,5,75,17.666,-1.5,4.932028292,0.01470491,0.001568
73,N24,8,8,29.8564,8,87,17.36,-0.4,5.126624379,0.013771977,0.002281
73,N25,5,5,2,2,102,17.654,1.6,5.248364893,0.014334626,0.002505
73,N26,2,2,1,1,110,17.28,2.1,5.396134818,0.014423914,0.002565
73,N27,1,1,0,0,120,17.873,2.4,5.454663137,0.014137261,0.002595
73,O20,3,3,3.8344,2,56,17.214,-1.4,4.336545986,0.014288522,0.001493
73,O22,4,4,14.559,5,72,18.317,-1.5,4.847790796,0.015305537,0.001688
73,O24,2,2,6,6,84,17.36,-1.1,4.952238978,0.01433885,0.001958
73,O25,8,8,18.2096,6,95,17.654,-0.2,5.291280223,0.014905952,0.001766
73,O26,13,13,12,12,104,17.11,1.8,5.668704942,0.013623533,0.001917
73,O27,26,26,30,30,116,17.873,2.1,5.926751027,0.014444706,0.002441
73,ON2524,3,3,1.7636,1,93,17.654,1.2,5.161146292,0.01480301,0.00174
73,ON2625,2,2,3,3,102,17.654,1.9,5.422878264,0.014216243,0.001867
73,P20,4,2,3.1718,1,53,16.541,-1.3,4.417112406,0.013527348,0.001825
73,P22,6,6,3.2977,1,69,17.975,-1.5,4.755803026,0.014511419,0.001909
73,P24,0,0,2,2,65,17.432,-1,4.740610892,0.014347497,0.001689
73,P26,5,5,6,6,97,18.02,0.6,5.834476673,0.01460554,0.00235
73,P27,9,9,8,8,108,17.26,1.2,6.220015486,0.014115351,0.001956
73,P31,1,1,4,4,135,17.362,2,5.917210233,0.013540714,0.002941
73,P32,5,5,0,0,141,17.008,2.1,5.049570539,0.012877846,0.002357
73,PO2423,1,1,4,4,76,17.475,-1.3,4.763223757,0.014601968,0.001967
73,PO2524,2,2,5,5,80,17.738,-1.2,5.013458814,0.014387317,0.001763
73,PO2625,2,2,1,1,94,17.955,-0.3,5.502575852,0.014673258,0.002079
73,PO2726,13,13,15,15,106,17.782,1.3,5.964650876,0.014091204,0.002411
73,Q25,0,0,2,2,63,17.533,0,5.212279699,0.006895825,0.001558
73,Q26,32.518,7,187.0551,3,90,19.413,-0.2,5.945693096,0.015632713,0.002159
73,Q30,3,3,7,7,137,18.04,2.1,6.254995441,0.014274615,0.002419
73,Q31,0,0,6,6,147,18.04,2,6.005221973,0.014006375,0.002255
73,QP2524,1,1,1,1,60,16.227,0.5,4.899938737,0.009324872,0.001514
73,QP2625,8,8,1,1,87,17.674,0.4,5.642188314,0.013995314,0.001856
73,QP2726,45,45,4,4,100,18.343,0.6,6.156088468,0.014455544,0.002417
73,R22,1.997,1,8.5312,1,62,18.679,-1.6,5.324869919,0.015313941,0.001636
73,R29,197.45,22,188.5368,12,118,17.438,1.7,6.378360304,0.014067725,0.002035
73,R30,23,23,43.4057,13,129,18.04,2,6.348531674,0.014479741,0.0024
73,R31,13,13,38,38,147,18.177,2,6.085079067,0.014764589,0.002316
73,R32,0,0,2,2,162,18.177,2.5,5.085582753,0.014663897,0.002538
73,S28,4.448,1,38.1082,1,102,16.785,1,6.443201463,0.013340289,0.002063
73,S29,41.65,5,201.6674,2,111,16.76,1.7,6.394496666,0.013452353,0.002414
73,S30,14.666,2,186.3579,3,122,17.873,1.9,6.3905984,0.013897558,0.001952
73,S31,29.14,5,83.2945,5,132,18.04,2.1,6.093261242,0.014232538,0.002154
73,T25,0,0,7.9795,1,73,18.98,-1.4,5.657105228,0.015671389,0.001628
73,T30,47.915,5,0,0,117,17.873,1.8,6.407144772,0.013954879,0.001966
73,U25,1,1,9.4361,1,70,17.28,-1.5,5.850253486,0.014046061,0.001649
73,U26,0,0,17.5698,3,76,17.273,-1.4,5.880490713,0.013934615,0.001589
73,V25,5,5,7.6634,1,62,16.656,-1.5,6.051011526,0.013330029,0.001749
73,V26,0,0,14.2167,1,72,17.396,-1.5,5.80326188,0.014551172,0.001544
78,F18,3,3,2,2,107,17.882,2.3,3.309177913,0.013930624,0.002155
78,F22,7,7,2,2,113,17.814,3.7,3.66151186,0.01465671,0.001968
78,G18,0,0,3,3,81,17.73,-0.5,3.210886413,0.015709323,0.001757
78,G22,2,2,0,0,94,16.924,2.9,3.504982695,0.014116886,0.002027
78,H18,0,0,1,1,74,17.655,-0.7,3.312258852,0.015714934,0.001505
78,H23,1,1,1,1,99,17.653,3.5,4.207180244,0.014313227,0.002664
78,I18,3,3,10,10,71,17.168,-0.2,3.464881134,0.01426035,0.001726
78,I21,0,0,2,2,73,15.877,-0.3,3.407365428,0.012535312,0.001424
78,I22,4,4,2.6888,2,84,16.847,1.8,3.995256604,0.013787421,0.002207
78,I23,23,23,10.1822,7,99,17.1,2.8,4.53177275,0.013869834,0.002579
78,IH2120,0,0,2,2,69,19.724,-0.5,3.084690721,0.01393945,0.001573
78,IH2221,0,0,1,1,74,16.502,2.8,3.536009676,0.013586867,0.001467
78,J18,0,0,2,2,69,17.01,-1.3,3.53616725,0.013955533,0.001729
78,J19,0,0,4,4,70,17.674,-1.4,3.383303385,0.016108009,0.001967
78,J20,1,1,7,7,70,17.531,-1.3,3.420389645,0.014342088,0.001781
78,J21,2,2,5.5584,3,74,21.313,-0.7,3.782849245,0.017883537,0.001866
78,J22,2,2,2,2,86,17.659,1.2,4.363528075,0.014132744,0.002204
78,J23,5,5,5,5,98,17.654,2,4.825662831,0.014478744,0.002223
78,J24,7,7,2,2,104,17.238,2.2,4.898351515,0.010564225,0.001779
78,J25,7,7,0,0,108,18.31,2.8,4.497124707,0.01693322,0.002364
78,JI2019,1,1,1,1,66,16.21,-1.4,3.256647755,0.013214119,0.001637
78,JI2120,0,0,1,1,71,16.959,-1.1,3.396841343,0.013854358,0.001986
78,JI2221,3,3,1,1,77,17.237,0.3,3.883139896,0.014156848,0.001922
78,K20,1,1,2,2,69,17.227,-1.4,3.628743979,0.014038138,0.001657
78,K21,2,2,3,3,73,16.812,-1.2,4.01417833,0.014244035,0.001774
78,K22,2,2,11,11,84,17.182,0.3,4.584010222,0.014312055,0.00179
78,K23,4,4,5,5,95,17.373,1.8,5.003959037,0.014136851,0.001984
78,K24,4,4,3,3,102,17.068,2.5,5.064305575,0.013814022,0.002303
78,K25,1,1,0,0,109,17.441,2.8,4.726845964,0.01565666,0.002086
78,L20,4,4,12,12,67,17.602,-1.1,3.825626356,0.014241084,0.001801
78,L21,5,5,5,5,73,16.83,-1.4,4.260148815,0.014195496,0.001732
78,L22,22,22,46,46,82,17.487,-0.1,4.762805981,0.014142943,0.001803
78,L23,12,12,1,1,92,17.397,1.2,5.095623434,0.014065082,0.001973
78,L24,5,5,2,2,101,17.608,2.1,5.139558957,0.014071393,0.002287
78,L25,9,9,6,6,112,17.441,2.6,4.907495526,0.01400404,0.002199
78,N20,8,8,14.1129,9,60,16.65,-1.2,4.226803119,0.014014547,0.001513
78,N21,6,6,22.3515,15,68,16.959,-1.5,4.659262716,0.013547802,0.001949
78,N22,6,6,19.3924,4,75,17.666,-1.5,4.932028292,0.01470491,0.001568
78,N24,4,4,22.3321,10,87,17.36,-0.4,5.126624379,0.013771977,0.002281
78,N25,3,3,1,1,102,17.654,1.6,5.248364893,0.014334626,0.002505
78,N26,3,3,0,0,110,17.28,2.1,5.396134818,0.014423914,0.002565
78,N27,2,2,0,0,120,17.873,2.4,5.454663137,0.014137261,0.002595
78,O20,2,2,0,0,56,17.214,-1.4,4.336545986,0.014288522,0.001493
78,O22,3,3,11.6472,4,72,18.317,-1.5,4.847790796,0.015305537,0.001688
78,O24,5,5,1,1,84,17.36,-1.1,4.952238978,0.01433885,0.001958
78,O25,3,3,9,9,95,17.654,-0.2,5.291280223,0.014905952,0.001766
78,O26,11,11,15,15,104,17.11,1.8,5.668704942,0.013623533,0.001917
78,O27,23,23,30,30,116,17.873,2.1,5.926751027,0.014444706,0.002441
78,ON2524,4,4,2,2,93,17.654,1.2,5.161146292,0.01480301,0.00174
78,ON2625,0,0,2,2,102,17.654,1.9,5.422878264,0.014216243,0.001867
78,P20,0,0,3.1718,1,53,16.541,-1.3,4.417112406,0.013527348,0.001825
78,P22,2,2,3.2977,1,69,17.975,-1.5,4.755803026,0.014511419,0.001909
78,P24,0,0,1,1,65,17.432,-1,4.740610892,0.014347497,0.001689
78,P25,0,0,1,1,75,17.444,-1.1,5.172185218,0.005858907,0.001701
78,P26,8,8,3,3,97,18.02,0.6,5.834476673,0.01460554,0.00235
78,P27,1,1,8,8,108,17.26,1.2,6.220015486,0.014115351,0.001956
78,P30,0,0,1,1,141,17.568,2.4,6.08594163,0.013706497,0.002482
78,P31,2,2,3,3,135,17.362,2,5.917210233,0.013540714,0.002941
78,P32,0,0,1,1,141,17.008,2.1,5.049570539,0.012877846,0.002357
78,PO2423,2,2,3,3,76,17.475,-1.3,4.763223757,0.014601968,0.001967
78,PO2524,2,2,2,2,80,17.738,-1.2,5.013458814,0.014387317,0.001763
78,PO2625,4,4,5,5,94,17.955,-0.3,5.502575852,0.014673258,0.002079
78,PO2726,7,7,15,15,106,17.782,1.3,5.964650876,0.014091204,0.002411
78,Q25,1,1,0,0,63,17.533,0,5.212279699,0.006895825,0.001558
78,Q26,6,6,0,0,90,19.413,-0.2,5.945693096,0.015632713,0.002159
78,Q30,4,4,7,7,137,18.04,2.1,6.254995441,0.014274615,0.002419
78,Q31,2,2,10,10,147,18.04,2,6.005221973,0.014006375,0.002255
78,QP2524,0,0,1,1,60,16.227,0.5,4.899938737,0.009324872,0.001514
78,QP2625,3,3,0,0,87,17.674,0.4,5.642188314,0.013995314,0.001856
78,QP2726,26,26,15,15,100,18.343,0.6,6.156088468,0.014455544,0.002417
78,R22,0,0,8.5312,1,62,18.679,-1.6,5.324869919,0.015313941,0.001636
78,R26,5.095,1,0,0,86,17.189,-0.8,5.983782248,0.013350664,0.002373
78,R29,99.725,12,188.5368,12,118,17.438,1.7,6.378360304,0.014067725,0.002035
78,R30,22,22,53.4224,16,129,18.04,2,6.348531674,0.014479741,0.0024
78,R31,15,15,34,34,147,18.177,2,6.085079067,0.014764589,0.002316
78,R32,0,0,4,4,162,18.177,2.5,5.085582753,0.014663897,0.002538
78,S28,5.448,2,0,0,102,16.785,1,6.443201463,0.013340289,0.002063
78,S29,35.32,6,203.2509,3,111,16.76,1.7,6.394496666,0.013452353,0.002414
78,S30,1,1,62.1193,1,122,17.873,1.9,6.3905984,0.013897558,0.001952
78,S31,7.035,1,49.9767,3,132,18.04,2.1,6.093261242,0.014232538,0.002154
78,T25,2.088,1,0,0,73,18.98,-1.4,5.657105228,0.015671389,0.001628
78,T30,42.332,8,0,0,117,17.873,1.8,6.407144772,0.013954879,0.001966
78,U26,0,0,11.7132,2,76,17.273,-1.4,5.880490713,0.013934615,0.001589
83,F18,2,2,5,5,107,17.882,2.3,3.309177913,0.013930624,0.002155
83,F22,5,5,6,6,113,17.814,3.7,3.66151186,0.01465671,0.001968
83,G18,1,1,4,4,81,17.73,-0.5,3.210886413,0.015709323,0.001757
83,G22,3,3,0,0,94,16.924,2.9,3.504982695,0.014116886,0.002027
83,H23,1,1,0,0,99,17.653,3.5,4.207180244,0.014313227,0.002664
83,I18,2,2,4,4,71,17.168,-0.2,3.464881134,0.01426035,0.001726
83,I21,0,0,2,2,73,15.877,-0.3,3.407365428,0.012535312,0.001424
83,I22,4,4,5.3776,4,84,16.847,1.8,3.995256604,0.013787421,0.002207
83,I23,18,18,5.8184,4,99,17.1,2.8,4.53177275,0.013869834,0.002579
83,IH2120,0,0,1,1,69,19.724,-0.5,3.084690721,0.01393945,0.001573
83,IH2221,0,0,1,1,74,16.502,2.8,3.536009676,0.013586867,0.001467
83,J18,0,0,2,2,69,17.01,-1.3,3.53616725,0.013955533,0.001729
83,J19,1,1,0,0,70,17.674,-1.4,3.383303385,0.016108009,0.001967
83,J20,1,1,2,2,70,17.531,-1.3,3.420389645,0.014342088,0.001781
83,J21,10,10,12.9696,7,74,21.313,-0.7,3.782849245,0.017883537,0.001866
83,J23,2,2,10,10,98,17.654,2,4.825662831,0.014478744,0.002223
83,J24,7,7,6,6,104,17.238,2.2,4.898351515,0.010564225,0.001779
83,J25,3,3,1,1,108,18.31,2.8,4.497124707,0.01693322,0.002364
83,JI2019,0,0,3,3,66,16.21,-1.4,3.256647755,0.013214119,0.001637
83,JI2120,0,0,2,2,71,16.959,-1.1,3.396841343,0.013854358,0.001986
83,JI2221,2,2,3,3,77,17.237,0.3,3.883139896,0.014156848,0.001922
83,K20,0,0,4,4,69,17.227,-1.4,3.628743979,0.014038138,0.001657
83,K21,1,1,12,12,73,16.812,-1.2,4.01417833,0.014244035,0.001774
83,K22,4,4,18,18,84,17.182,0.3,4.584010222,0.014312055,0.00179
83,K23,13,13,4,4,95,17.373,1.8,5.003959037,0.014136851,0.001984
83,K24,4,4,8,8,102,17.068,2.5,5.064305575,0.013814022,0.002303
83,K25,1,1,1,1,109,17.441,2.8,4.726845964,0.01565666,0.002086
83,L20,15,15,25,25,67,17.602,-1.1,3.825626356,0.014241084,0.001801
83,L21,4,4,10,10,73,16.83,-1.4,4.260148815,0.014195496,0.001732
83,L22,17,17,44,44,82,17.487,-0.1,4.762805981,0.014142943,0.001803
83,L23,9,9,5,5,92,17.397,1.2,5.095623434,0.014065082,0.001973
83,L24,8,8,5,5,101,17.608,2.1,5.139558957,0.014071393,0.002287
83,L25,11,11,3,3,112,17.441,2.6,4.907495526,0.01400404,0.002199
83,N20,3,3,17.2491,11,60,16.65,-1.2,4.226803119,0.014014547,0.001513
83,N21,5,5,2.9802,2,68,16.959,-1.5,4.659262716,0.013547802,0.001949
83,N22,1,1,19.3924,4,75,17.666,-1.5,4.932028292,0.01470491,0.001568
83,N24,2,2,27.9377,11,87,17.36,-0.4,5.126624379,0.013771977,0.002281
83,N25,4,4,1,1,102,17.654,1.6,5.248364893,0.014334626,0.002505
83,N26,2,2,2,2,110,17.28,2.1,5.396134818,0.014423914,0.002565
83,O20,1,1,0,0,56,17.214,-1.4,4.336545986,0.014288522,0.001493
83,O22,2,2,0,0,72,18.317,-1.5,4.847790796,0.015305537,0.001688
83,O24,2,2,4,4,84,17.36,-1.1,4.952238978,0.01433885,0.001958
83,O25,4,4,8,8,95,17.654,-0.2,5.291280223,0.014905952,0.001766
83,O26,9,9,8,8,104,17.11,1.8,5.668704942,0.013623533,0.001917
83,O27,19,19,14,14,116,17.873,2.1,5.926751027,0.014444706,0.002441
83,ON2524,1,1,4,4,93,17.654,1.2,5.161146292,0.01480301,0.00174
83,ON2625,1,1,3,3,102,17.654,1.9,5.422878264,0.014216243,0.001867
83,P22,1,1,6.5954,2,69,17.975,-1.5,4.755803026,0.014511419,0.001909
83,P24,0,0,1,1,65,17.432,-1,4.740610892,0.014347497,0.001689
83,P25,0,0,2,2,75,17.444,-1.1,5.172185218,0.005858907,0.001701
83,P26,5,5,3,3,97,18.02,0.6,5.834476673,0.01460554,0.00235
83,P27,4,4,5,5,108,17.26,1.2,6.220015486,0.014115351,0.001956
83,P31,1,1,4,4,135,17.362,2,5.917210233,0.013540714,0.002941
83,PO2524,1,1,8,8,80,17.738,-1.2,5.013458814,0.014387317,0.001763
83,PO2625,4,4,5,5,94,17.955,-0.3,5.502575852,0.014673258,0.002079
83,PO2726,7,7,18,18,106,17.782,1.3,5.964650876,0.014091204,0.002411
83,Q26,6,6,0,0,90,19.413,-0.2,5.945693096,0.015632713,0.002159
83,Q30,2,2,10,10,137,18.04,2.1,6.254995441,0.014274615,0.002419
83,Q31,2,2,12,12,147,18.04,2,6.005221973,0.014006375,0.002255
83,QP2625,2,2,2,2,87,17.674,0.4,5.642188314,0.013995314,0.001856
83,QP2726,13,13,18,18,100,18.343,0.6,6.156088468,0.014455544,0.002417
83,R29,17.95,2,62.8456,4,118,17.438,1.7,6.378360304,0.014067725,0.002035
83,R30,22,22,56.7613,17,129,18.04,2,6.348531674,0.014479741,0.0024
83,R31,7,7,38,38,147,18.177,2,6.085079067,0.014764589,0.002316
83,R32,1,1,4,4,162,18.177,2.5,5.085582753,0.014663897,0.002538
83,S28,4,4,0,0,102,16.785,1,6.443201463,0.013340289,0.002063
83,S29,54.98,11,14.2515,9,111,16.76,1.7,6.394496666,0.013452353,0.002414
83,S30,4,4,65.6265,3,122,17.873,1.9,6.3905984,0.013897558,0.001952
83,S31,7.035,1,17.6589,2,132,18.04,2.1,6.093261242,0.014232538,0.002154
83,T25,0,0,7.9795,1,73,18.98,-1.4,5.657105228,0.015671389,0.001628
83,T30,18,18,3,3,117,17.873,1.8,6.407144772,0.013954879,0.001966
88,F18,0,0,5,5,107,17.882,2.3,3.309177913,0.013930624,0.002155
88,F21,1,1,0,0,97,17.654,2.3,3.031825009,0.014396391,0.002062
88,F22,4,4,1,1,113,17.814,3.7,3.66151186,0.01465671,0.001968
88,G18,0,0,4,4,81,17.73,-0.5,3.210886413,0.015709323,0.001757
88,H18,0,0,1,1,74,17.655,-0.7,3.312258852,0.015714934,0.001505
88,H23,0,0,6,6,99,17.653,3.5,4.207180244,0.014313227,0.002664
88,I18,0,0,4,4,71,17.168,-0.2,3.464881134,0.01426035,0.001726
88,I21,0,0,2,2,73,15.877,-0.3,3.407365428,0.012535312,0.001424
88,I22,6,6,6.722,5,84,16.847,1.8,3.995256604,0.013787421,0.002207
88,I23,31,31,27.6374,19,99,17.1,2.8,4.53177275,0.013869834,0.002579
88,IH2120,1,1,1,1,69,19.724,-0.5,3.084690721,0.01393945,0.001573
88,IH2221,1,1,1,1,74,16.502,2.8,3.536009676,0.013586867,0.001467
88,J18,0,0,3,3,69,17.01,-1.3,3.53616725,0.013955533,0.001729
88,J19,0,0,3,3,70,17.674,-1.4,3.383303385,0.016108009,0.001967
88,J20,2,2,12,12,70,17.531,-1.3,3.420389645,0.014342088,0.001781
88,J21,9,9,40.7616,22,74,21.313,-0.7,3.782849245,0.017883537,0.001866
88,J22,1,1,0,0,86,17.659,1.2,4.363528075,0.014132744,0.002204
88,J23,4,4,5,5,98,17.654,2,4.825662831,0.014478744,0.002223
88,J24,5,5,10,10,104,17.238,2.2,4.898351515,0.010564225,0.001779
88,J25,5,5,3,3,108,18.31,2.8,4.497124707,0.01693322,0.002364
88,JI2019,1,1,6,6,66,16.21,-1.4,3.256647755,0.013214119,0.001637
88,JI2120,0,0,1,1,71,16.959,-1.1,3.396841343,0.013854358,0.001986
88,JI2221,2,2,0,0,77,17.237,0.3,3.883139896,0.014156848,0.001922
88,K20,1,1,9,9,69,17.227,-1.4,3.628743979,0.014038138,0.001657
88,K21,6,6,7,7,73,16.812,-1.2,4.01417833,0.014244035,0.001774
88,K22,7,7,31,31,84,17.182,0.3,4.584010222,0.014312055,0.00179
88,K23,13,13,5,5,95,17.373,1.8,5.003959037,0.014136851,0.001984
88,K24,6,6,8,8,102,17.068,2.5,5.064305575,0.013814022,0.002303
88,K25,0,0,3,3,109,17.441,2.8,4.726845964,0.01565666,0.002086
88,L20,13,13,29,29,67,17.602,-1.1,3.825626356,0.014241084,0.001801
88,L21,5,5,27,27,73,16.83,-1.4,4.260148815,0.014195496,0.001732
88,L22,20,20,31,31,82,17.487,-0.1,4.762805981,0.014142943,0.001803
88,L23,5,5,2,2,92,17.397,1.2,5.095623434,0.014065082,0.001973
88,L24,7,7,12,12,101,17.608,2.1,5.139558957,0.014071393,0.002287
88,L25,15,15,6,6,112,17.441,2.6,4.907495526,0.01400404,0.002199
88,N20,5,5,9.4086,6,60,16.65,-1.2,4.226803119,0.014014547,0.001513
88,N21,1,1,8.9406,6,68,16.959,-1.5,4.659262716,0.013547802,0.001949
88,N22,1,1,0,0,75,17.666,-1.5,4.932028292,0.01470491,0.001568
88,N24,2,2,9.2925,5,87,17.36,-0.4,5.126624379,0.013771977,0.002281
88,N25,2,2,0,0,102,17.654,1.6,5.248364893,0.014334626,0.002505
88,N26,2,2,2,2,110,17.28,2.1,5.396134818,0.014423914,0.002565
88,N27,0,0,1,1,120,17.873,2.4,5.454663137,0.014137261,0.002595
88,O20,0,0,1.9172,1,56,17.214,-1.4,4.336545986,0.014288522,0.001493
88,O22,1,1,0,0,72,18.317,-1.5,4.847790796,0.015305537,0.001688
88,O24,2,2,5,5,84,17.36,-1.1,4.952238978,0.01433885,0.001958
88,O25,7,7,4,4,95,17.654,-0.2,5.291280223,0.014905952,0.001766
88,O26,9,9,10,10,104,17.11,1.8,5.668704942,0.013623533,0.001917
88,O27,13,13,16,16,116,17.873,2.1,5.926751027,0.014444706,0.002441
88,ON2524,1,1,3,3,93,17.654,1.2,5.161146292,0.01480301,0.00174
88,ON2625,2,2,4,4,102,17.654,1.9,5.422878264,0.014216243,0.001867
88,P26,6,6,0,0,97,18.02,0.6,5.834476673,0.01460554,0.00235
88,P27,2,2,2,2,108,17.26,1.2,6.220015486,0.014115351,0.001956
88,P31,0,0,4,4,135,17.362,2,5.917210233,0.013540714,0.002941
88,P32,0,0,1,1,141,17.008,2.1,5.049570539,0.012877846,0.002357
88,PO2423,0,0,2,2,76,17.475,-1.3,4.763223757,0.014601968,0.001967
88,PO2524,2,2,4,4,80,17.738,-1.2,5.013458814,0.014387317,0.001763
88,PO2625,2,2,4,4,94,17.955,-0.3,5.502575852,0.014673258,0.002079
88,PO2726,5,5,10,10,106,17.782,1.3,5.964650876,0.014091204,0.002411
88,Q26,3,3,0,0,90,19.413,-0.2,5.945693096,0.015632713,0.002159
88,Q30,2,2,16,16,137,18.04,2.1,6.254995441,0.014274615,0.002419
88,Q31,4,4,27,27,147,18.04,2,6.005221973,0.014006375,0.002255
88,QP2625,5,5,1,1,87,17.674,0.4,5.642188314,0.013995314,0.001856
88,QP2726,16,16,6,6,100,18.343,0.6,6.156088468,0.014455544,0.002417
88,R29,13.975,6,31.4228,2,118,17.438,1.7,6.378360304,0.014067725,0.002035
88,R30,23,23,43.4057,13,129,18.04,2,6.348531674,0.014479741,0.0024
88,R31,12,12,22,22,147,18.177,2,6.085079067,0.014764589,0.002316
88,R32,2,2,8,8,162,18.177,2.5,5.085582753,0.014663897,0.002538
88,S28,1,1,0,0,102,16.785,1,6.443201463,0.013340289,0.002063
88,S29,22,22,316.7526,12,111,16.76,1.7,6.394496666,0.013452353,0.002414
88,S30,30.666,18,3.5072,2,122,17.873,1.9,6.3905984,0.013897558,0.001952
88,S31,2,2,11,11,132,18.04,2.1,6.093261242,0.014232538,0.002154
88,T30,12,12,12,12,117,17.873,1.8,6.407144772,0.013954879,0.001966
93,F18,2,2,5,5,107,17.882,2.3,3.309177913,0.013930624,0.002155
93,F22,3,3,2,2,113,17.814,3.7,3.66151186,0.01465671,0.001968
93,G18,0,0,2,2,81,17.73,-0.5,3.210886413,0.015709323,0.001757
93,G22,0,0,1,1,94,16.924,2.9,3.504982695,0.014116886,0.002027
93,H18,1,1,2,2,74,17.655,-0.7,3.312258852,0.015714934,0.001505
93,H23,0,0,3,3,99,17.653,3.5,4.207180244,0.014313227,0.002664
93,I18,2,2,12,12,71,17.168,-0.2,3.464881134,0.01426035,0.001726
93,I21,1,1,6,6,73,15.877,-0.3,3.407365428,0.012535312,0.001424
93,I22,13,13,32.2656,24,84,16.847,1.8,3.995256604,0.013787421,0.002207
93,I23,47,47,107.6404,74,99,17.1,2.8,4.53177275,0.013869834,0.002579
93,IH2120,1,1,5,5,69,19.724,-0.5,3.084690721,0.01393945,0.001573
93,J18,0,0,1,1,69,17.01,-1.3,3.53616725,0.013955533,0.001729
93,J19,0,0,6,6,70,17.674,-1.4,3.383303385,0.016108009,0.001967
93,J20,10,10,18,18,70,17.531,-1.3,3.420389645,0.014342088,0.001781
93,J21,8,8,87.0816,47,74,21.313,-0.7,3.782849245,0.017883537,0.001866
93,J22,2,2,1,1,86,17.659,1.2,4.363528075,0.014132744,0.002204
93,J23,6,6,17,17,98,17.654,2,4.825662831,0.014478744,0.002223
93,J24,10,10,6,6,104,17.238,2.2,4.898351515,0.010564225,0.001779
93,J25,6,6,2,2,108,18.31,2.8,4.497124707,0.01693322,0.002364
93,JI2019,0,0,2,2,66,16.21,-1.4,3.256647755,0.013214119,0.001637
93,JI2120,0,0,11,11,71,16.959,-1.1,3.396841343,0.013854358,0.001986
93,JI2221,3,3,5,5,77,17.237,0.3,3.883139896,0.014156848,0.001922
93,K20,5,5,8,8,69,17.227,-1.4,3.628743979,0.014038138,0.001657
93,K21,10,10,19,19,73,16.812,-1.2,4.01417833,0.014244035,0.001774
93,K22,20,20,47,47,84,17.182,0.3,4.584010222,0.014312055,0.00179
93,K23,12,12,13,13,95,17.373,1.8,5.003959037,0.014136851,0.001984
93,K24,6,6,5,5,102,17.068,2.5,5.064305575,0.013814022,0.002303
93,K25,2,2,2,2,109,17.441,2.8,4.726845964,0.01565666,0.002086
93,L20,11,11,32,32,67,17.602,-1.1,3.825626356,0.014241084,0.001801
93,L21,5,5,16,16,73,16.83,-1.4,4.260148815,0.014195496,0.001732
93,L22,12,12,24,24,82,17.487,-0.1,4.762805981,0.014142943,0.001803
93,L23,4,4,11,11,92,17.397,1.2,5.095623434,0.014065082,0.001973
93,L24,10,10,8,8,101,17.608,2.1,5.139558957,0.014071393,0.002287
93,L25,19,19,16,16,112,17.441,2.6,4.907495526,0.01400404,0.002199
93,N20,6,6,3.1362,2,60,16.65,-1.2,4.226803119,0.014014547,0.001513
93,N21,5,5,1.4901,1,68,16.959,-1.5,4.659262716,0.013547802,0.001949
93,N22,2,2,4.8481,1,75,17.666,-1.5,4.932028292,0.01470491,0.001568
93,N24,5,5,13.0095,7,87,17.36,-0.4,5.126624379,0.013771977,0.002281
93,N25,3,3,4,4,102,17.654,1.6,5.248364893,0.014334626,0.002505
93,N26,3,3,3,3,110,17.28,2.1,5.396134818,0.014423914,0.002565
93,N27,0,0,3,3,120,17.873,2.4,5.454663137,0.014137261,0.002595
93,O25,1,1,8,8,95,17.654,-0.2,5.291280223,0.014905952,0.001766
93,O26,6,6,14,14,104,17.11,1.8,5.668704942,0.013623533,0.001917
93,O27,18,18,18,18,116,17.873,2.1,5.926751027,0.014444706,0.002441
93,ON2524,4,4,2,2,93,17.654,1.2,5.161146292,0.01480301,0.00174
93,ON2625,2,2,2,2,102,17.654,1.9,5.422878264,0.014216243,0.001867
93,P26,8,8,3,3,97,18.02,0.6,5.834476673,0.01460554,0.00235
93,P27,2,2,3,3,108,17.26,1.2,6.220015486,0.014115351,0.001956
93,P30,0,0,2,2,141,17.568,2.4,6.08594163,0.013706497,0.002482
93,P31,0,0,3,3,135,17.362,2,5.917210233,0.013540714,0.002941
93,P32,1,1,1,1,141,17.008,2.1,5.049570539,0.012877846,0.002357
93,PO2423,1,1,1,1,76,17.475,-1.3,4.763223757,0.014601968,0.001967
93,PO2524,0,0,1,1,80,17.738,-1.2,5.013458814,0.014387317,0.001763
93,PO2625,2,2,4,4,94,17.955,-0.3,5.502575852,0.014673258,0.002079
93,PO2726,7,7,9,9,106,17.782,1.3,5.964650876,0.014091204,0.002411
93,Q26,2,2,0,0,90,19.413,-0.2,5.945693096,0.015632713,0.002159
93,Q30,6,6,14,14,137,18.04,2.1,6.254995441,0.014274615,0.002419
93,Q31,4,4,21,21,147,18.04,2,6.005221973,0.014006375,0.002255
93,QP2625,2,2,0,0,87,17.674,0.4,5.642188314,0.013995314,0.001856
93,QP2726,14,14,8,8,100,18.343,0.6,6.156088468,0.014455544,0.002417
93,R29,10,10,47.1342,3,118,17.438,1.7,6.378360304,0.014067725,0.002035
93,R30,13,13,23.3723,7,129,18.04,2,6.348531674,0.014479741,0.0024
93,R31,8,8,19,19,147,18.177,2,6.085079067,0.014764589,0.002316
93,R32,11,11,9,9,162,18.177,2.5,5.085582753,0.014663897,0.002538
93,S28,4.448,1,0,0,102,16.785,1,6.443201463,0.013340289,0.002063
93,S29,19,19,39.5875,25,111,16.76,1.7,6.394496666,0.013452353,0.002414
93,S30,12,12,24.5504,14,122,17.873,1.9,6.3905984,0.013897558,0.001952
93,S31,6,6,22.6589,7,132,18.04,2.1,6.093261242,0.014232538,0.002154
93,T30,6,6,12,12,117,17.873,1.8,6.407144772,0.013954879,0.001966
98,F18,0,0,3,3,107,17.882,2.3,3.309177913,0.013930624,0.002155
98,F22,0,0,2,2,113,17.814,3.7,3.66151186,0.01465671,0.001968
98,G18,1,1,5,5,81,17.73,-0.5,3.210886413,0.015709323,0.001757
98,G22,0,0,2,2,94,16.924,2.9,3.504982695,0.014116886,0.002027
98,H18,3,3,3,3,74,17.655,-0.7,3.312258852,0.015714934,0.001505
98,H23,5,5,5,5,99,17.653,3.5,4.207180244,0.014313227,0.002664
98,I18,4,4,12,12,71,17.168,-0.2,3.464881134,0.01426035,0.001726
98,I21,2,2,5,5,73,15.877,-0.3,3.407365428,0.012535312,0.001424
98,I22,17,17,28.2324,21,84,16.847,1.8,3.995256604,0.013787421,0.002207
98,I23,53,53,98.9128,68,99,17.1,2.8,4.53177275,0.013869834,0.002579
98,IH2120,1,1,2,2,69,19.724,-0.5,3.084690721,0.01393945,0.001573
98,J18,0,0,1,1,69,17.01,-1.3,3.53616725,0.013955533,0.001729
98,J19,0,0,4,4,70,17.674,-1.4,3.383303385,0.016108009,0.001967
98,J20,8,8,33,33,70,17.531,-1.3,3.420389645,0.014342088,0.001781
98,J21,10,10,116.7264,63,74,21.313,-0.7,3.782849245,0.017883537,0.001866
98,J22,2,2,1,1,86,17.659,1.2,4.363528075,0.014132744,0.002204
98,J23,6,6,15,15,98,17.654,2,4.825662831,0.014478744,0.002223
98,J24,6,6,6,6,104,17.238,2.2,4.898351515,0.010564225,0.001779
98,J25,6,6,5,5,108,18.31,2.8,4.497124707,0.01693322,0.002364
98,JI2019,2,2,6,6,66,16.21,-1.4,3.256647755,0.013214119,0.001637
98,JI2120,0,0,15,15,71,16.959,-1.1,3.396841343,0.013854358,0.001986
98,JI2221,1,1,6,6,77,17.237,0.3,3.883139896,0.014156848,0.001922
98,K20,3,3,4,4,69,17.227,-1.4,3.628743979,0.014038138,0.001657
98,K21,13,13,23,23,73,16.812,-1.2,4.01417833,0.014244035,0.001774
98,K22,17,17,39,39,84,17.182,0.3,4.584010222,0.014312055,0.00179
98,K23,18,18,16,16,95,17.373,1.8,5.003959037,0.014136851,0.001984
98,K24,9,9,14,14,102,17.068,2.5,5.064305575,0.013814022,0.002303
98,K25,5,5,6,6,109,17.441,2.8,4.726845964,0.01565666,0.002086
98,L20,9,9,23,23,67,17.602,-1.1,3.825626356,0.014241084,0.001801
98,L21,6,6,33,33,73,16.83,-1.4,4.260148815,0.014195496,0.001732
98,L22,16,16,29,29,82,17.487,-0.1,4.762805981,0.014142943,0.001803
98,L23,13,13,5,5,92,17.397,1.2,5.095623434,0.014065082,0.001973
98,L24,6,6,14,14,101,17.608,2.1,5.139558957,0.014071393,0.002287
98,L25,24,24,22,22,112,17.441,2.6,4.907495526,0.01400404,0.002199
98,N20,2,2,0,0,60,16.65,-1.2,4.226803119,0.014014547,0.001513
98,N21,1,1,2.9802,2,68,16.959,-1.5,4.659262716,0.013547802,0.001949
98,N22,0,0,4.8481,1,75,17.666,-1.5,4.932028292,0.01470491,0.001568
98,N24,2,2,18.585,10,87,17.36,-0.4,5.126624379,0.013771977,0.002281
98,N25,3,3,6,6,102,17.654,1.6,5.248364893,0.014334626,0.002505
98,N26,2,2,4,4,110,17.28,2.1,5.396134818,0.014423914,0.002565
98,N27,3,3,3,3,120,17.873,2.4,5.454663137,0.014137261,0.002595
98,O20,0,0,1.9172,1,56,17.214,-1.4,4.336545986,0.014288522,0.001493
98,O22,1,1,0,0,72,18.317,-1.5,4.847790796,0.015305537,0.001688
98,O24,1,1,0,0,84,17.36,-1.1,4.952238978,0.01433885,0.001958
98,O25,3,3,7,7,95,17.654,-0.2,5.291280223,0.014905952,0.001766
98,O26,3,3,13,13,104,17.11,1.8,5.668704942,0.013623533,0.001917
98,O27,13,13,9,9,116,17.873,2.1,5.926751027,0.014444706,0.002441
98,ON2524,3,3,4,4,93,17.654,1.2,5.161146292,0.01480301,0.00174
98,ON2625,4,4,1,1,102,17.654,1.9,5.422878264,0.014216243,0.001867
98,P26,11,11,3,3,97,18.02,0.6,5.834476673,0.01460554,0.00235
98,P27,6,6,6,6,108,17.26,1.2,6.220015486,0.014115351,0.001956
98,P30,1,1,3,3,141,17.568,2.4,6.08594163,0.013706497,0.002482
98,P31,0,0,1,1,135,17.362,2,5.917210233,0.013540714,0.002941
98,P32,2,2,0,0,141,17.008,2.1,5.049570539,0.012877846,0.002357
98,PO2423,0,0,1,1,76,17.475,-1.3,4.763223757,0.014601968,0.001967
98,PO2524,0,0,1,1,80,17.738,-1.2,5.013458814,0.014387317,0.001763
98,PO2625,1,1,3,3,94,17.955,-0.3,5.502575852,0.014673258,0.002079
98,PO2726,0,0,12,12,106,17.782,1.3,5.964650876,0.014091204,0.002411
98,Q25,1,1,0,0,63,17.533,0,5.212279699,0.006895825,0.001558
98,Q30,5,5,21,21,137,18.04,2.1,6.254995441,0.014274615,0.002419
98,Q31,4,4,18,18,147,18.04,2,6.005221973,0.014006375,0.002255
98,QP2524,0,0,1,1,60,16.227,0.5,4.899938737,0.009324872,0.001514
98,QP2625,1,1,2,2,87,17.674,0.4,5.642188314,0.013995314,0.001856
98,QP2726,11,11,4,4,100,18.343,0.6,6.156088468,0.014455544,0.002417
98,R29,7,7,0,0,118,17.438,1.7,6.378360304,0.014067725,0.002035
98,R30,12,12,40.0668,12,129,18.04,2,6.348531674,0.014479741,0.0024
98,R31,7,7,22,22,147,18.177,2,6.085079067,0.014764589,0.002316
98,R32,3,3,9,9,162,18.177,2.5,5.085582753,0.014663897,0.002538
98,S29,12,12,17.4185,11,111,16.76,1.7,6.394496666,0.013452353,0.002414
98,S30,14,14,21.0432,12,122,17.873,1.9,6.3905984,0.013897558,0.001952
98,S31,10,10,13,13,132,18.04,2.1,6.093261242,0.014232538,0.002154
98,T30,3,3,6,6,117,17.873,1.8,6.407144772,0.013954879,0.001966
98,V26,2.996,1,0,0,72,17.396,-1.5,5.80326188,0.014551172,0.001544
103,F18,3,3,7,7,107,17.882,2.3,3.309177913,0.013930624,0.002155
103,F21,1,1,0,0,97,17.654,2.3,3.031825009,0.014396391,0.002062
103,F22,0,0,5,5,113,17.814,3.7,3.66151186,0.01465671,0.001968
103,G18,1,1,10,10,81,17.73,-0.5,3.210886413,0.015709323,0.001757
103,GF2221,0,0,3,3,100,17.421,3.3,3.231405051,0.01423686,0.002465
103,H18,1,1,2,2,74,17.655,-0.7,3.312258852,0.015714934,0.001505
103,H23,8,8,9,9,99,17.653,3.5,4.207180244,0.014313227,0.002664
103,I18,4,4,22,22,71,17.168,-0.2,3.464881134,0.01426035,0.001726
103,I21,1,1,12,12,73,15.877,-0.3,3.407365428,0.012535312,0.001424
103,I22,17,17,26.888,20,84,16.847,1.8,3.995256604,0.013787421,0.002207
103,I23,34,34,59.6386,41,99,17.1,2.8,4.53177275,0.013869834,0.002579
103,IH2120,0,0,1,1,69,19.724,-0.5,3.084690721,0.01393945,0.001573
103,IH2221,0,0,2,2,74,16.502,2.8,3.536009676,0.013586867,0.001467
103,J18,0,0,4,4,69,17.01,-1.3,3.53616725,0.013955533,0.001729
103,J19,1,1,4,4,70,17.674,-1.4,3.383303385,0.016108009,0.001967
103,J20,3,3,24,24,70,17.531,-1.3,3.420389645,0.014342088,0.001781
103,J21,3,3,81.5232,44,74,21.313,-0.7,3.782849245,0.017883537,0.001866
103,J22,2,2,1,1,86,17.659,1.2,4.363528075,0.014132744,0.002204
103,J23,1,1,12,12,98,17.654,2,4.825662831,0.014478744,0.002223
103,J24,6,6,15,15,104,17.238,2.2,4.898351515,0.010564225,0.001779
103,J25,13,13,2,2,108,18.31,2.8,4.497124707,0.01693322,0.002364
103,JI2019,1,1,4,4,66,16.21,-1.4,3.256647755,0.013214119,0.001637
103,JI2120,0,0,13,13,71,16.959,-1.1,3.396841343,0.013854358,0.001986
103,JI2221,1,1,8,8,77,17.237,0.3,3.883139896,0.014156848,0.001922
103,K20,1,1,5,5,69,17.227,-1.4,3.628743979,0.014038138,0.001657
103,K21,13,13,19,19,73,16.812,-1.2,4.01417833,0.014244035,0.001774
103,K22,5,5,11,11,84,17.182,0.3,4.584010222,0.014312055,0.00179
103,K23,7,7,13,13,95,17.373,1.8,5.003959037,0.014136851,0.001984
103,K24,9,9,17,17,102,17.068,2.5,5.064305575,0.013814022,0.002303
103,K25,5,5,10,10,109,17.441,2.8,4.726845964,0.01565666,0.002086
103,L20,5,5,4,4,67,17.602,-1.1,3.825626356,0.014241084,0.001801
103,L21,1,1,18,18,73,16.83,-1.4,4.260148815,0.014195496,0.001732
103,L22,8,8,15,15,82,17.487,-0.1,4.762805981,0.014142943,0.001803
103,L23,6,6,5,5,92,17.397,1.2,5.095623434,0.014065082,0.001973
103,L24,8,8,13,13,101,17.608,2.1,5.139558957,0.014071393,0.002287
103,L25,11,11,20,20,112,17.441,2.6,4.907495526,0.01400404,0.002199
103,N20,2,2,1.5681,1,60,16.65,-1.2,4.226803119,0.014014547,0.001513
103,N21,0,0,1.4901,1,68,16.959,-1.5,4.659262716,0.013547802,0.001949
103,N22,1,1,0,0,75,17.666,-1.5,4.932028292,0.01470491,0.001568
103,N24,1,1,9.2925,5,87,17.36,-0.4,5.126624379,0.013771977,0.002281
103,N25,1,1,0,0,102,17.654,1.6,5.248364893,0.014334626,0.002505
103,N26,5,5,11,11,110,17.28,2.1,5.396134818,0.014423914,0.002565
103,N27,7,7,4,4,120,17.873,2.4,5.454663137,0.014137261,0.002595
103,O22,0,0,2.9118,1,72,18.317,-1.5,4.847790796,0.015305537,0.001688
103,O24,0,0,2,2,84,17.36,-1.1,4.952238978,0.01433885,0.001958
103,O25,3,3,3,3,95,17.654,-0.2,5.291280223,0.014905952,0.001766
103,O26,6,6,4,4,104,17.11,1.8,5.668704942,0.013623533,0.001917
103,O27,21,21,11,11,116,17.873,2.1,5.926751027,0.014444706,0.002441
103,ON2524,6,6,2,2,93,17.654,1.2,5.161146292,0.01480301,0.00174
103,ON2625,3,3,6,6,102,17.654,1.9,5.422878264,0.014216243,0.001867
103,P26,6,6,0,0,97,18.02,0.6,5.834476673,0.01460554,0.00235
103,P27,1,1,2,2,108,17.26,1.2,6.220015486,0.014115351,0.001956
103,P30,0,0,3,3,141,17.568,2.4,6.08594163,0.013706497,0.002482
103,P31,1,1,3,3,135,17.362,2,5.917210233,0.013540714,0.002941
103,P32,0,0,1,1,141,17.008,2.1,5.049570539,0.012877846,0.002357
103,PO2625,1,1,1,1,94,17.955,-0.3,5.502575852,0.014673258,0.002079
103,PO2726,8,8,5,5,106,17.782,1.3,5.964650876,0.014091204,0.002411
103,Q26,0,0,62.3517,1,90,19.413,-0.2,5.945693096,0.015632713,0.002159
103,Q30,4,4,18,18,137,18.04,2.1,6.254995441,0.014274615,0.002419
103,Q31,11,11,13,13,147,18.04,2,6.005221973,0.014006375,0.002255
103,QP2625,2,2,1,1,87,17.674,0.4,5.642188314,0.013995314,0.001856
103,QP2726,4,4,4,4,100,18.343,0.6,6.156088468,0.014455544,0.002417
103,R29,13,13,15.7114,1,118,17.438,1.7,6.378360304,0.014067725,0.002035
103,R30,6,6,13.3556,4,129,18.04,2,6.348531674,0.014479741,0.0024
103,R31,8,8,23,23,147,18.177,2,6.085079067,0.014764589,0.002316
103,R32,9,9,12,12,162,18.177,2.5,5.085582753,0.014663897,0.002538
103,S28,1,1,0,0,102,16.785,1,6.443201463,0.013340289,0.002063
103,S29,3,3,12.668,8,111,16.76,1.7,6.394496666,0.013452353,0.002414
103,S30,21,21,31.5648,18,122,17.873,1.9,6.3905984,0.013897558,0.001952
103,S31,4,4,15,15,132,18.04,2.1,6.093261242,0.014232538,0.002154
103,T30,2,2,5,5,117,17.873,1.8,6.407144772,0.013954879,0.001966
108,F18,5,5,4,4,107,17.882,2.3,3.309177913,0.013930624,0.002155
108,F22,2,2,2,2,113,17.814,3.7,3.66151186,0.01465671,0.001968
108,G18,1,1,3,3,81,17.73,-0.5,3.210886413,0.015709323,0.001757
108,G22,1,1,3,3,94,16.924,2.9,3.504982695,0.014116886,0.002027
108,GF2221,0,0,1,1,100,17.421,3.3,3.231405051,0.01423686,0.002465
108,H18,3,3,6,6,74,17.655,-0.7,3.312258852,0.015714934,0.001505
108,H23,7,7,4,4,99,17.653,3.5,4.207180244,0.014313227,0.002664
108,I18,9,9,14,14,71,17.168,-0.2,3.464881134,0.01426035,0.001726
108,I21,1,1,12,12,73,15.877,-0.3,3.407365428,0.012535312,0.001424
108,I22,14,14,26.888,20,84,16.847,1.8,3.995256604,0.013787421,0.002207
108,I23,21,21,48.0018,33,99,17.1,2.8,4.53177275,0.013869834,0.002579
108,IH2120,0,0,6,6,69,19.724,-0.5,3.084690721,0.01393945,0.001573
108,J19,0,0,1,1,70,17.674,-1.4,3.383303385,0.016108009,0.001967
108,J20,7,7,15,15,70,17.531,-1.3,3.420389645,0.014342088,0.001781
108,J21,6,6,79.6704,43,74,21.313,-0.7,3.782849245,0.017883537,0.001866
108,J22,0,0,4,4,86,17.659,1.2,4.363528075,0.014132744,0.002204
108,J23,4,4,8,8,98,17.654,2,4.825662831,0.014478744,0.002223
108,J24,6,6,7,7,104,17.238,2.2,4.898351515,0.010564225,0.001779
108,J25,9,9,4,4,108,18.31,2.8,4.497124707,0.01693322,0.002364
108,JI2019,1,1,2,2,66,16.21,-1.4,3.256647755,0.013214119,0.001637
108,JI2120,0,0,15,15,71,16.959,-1.1,3.396841343,0.013854358,0.001986
108,JI2221,4,4,13,13,77,17.237,0.3,3.883139896,0.014156848,0.001922
108,K20,2,2,10,10,69,17.227,-1.4,3.628743979,0.014038138,0.001657
108,K21,4,4,19,19,73,16.812,-1.2,4.01417833,0.014244035,0.001774
108,K22,9,9,14,14,84,17.182,0.3,4.584010222,0.014312055,0.00179
108,K23,4,4,9,9,95,17.373,1.8,5.003959037,0.014136851,0.001984
108,K24,5,5,11,11,102,17.068,2.5,5.064305575,0.013814022,0.002303
108,K25,7,7,9,9,109,17.441,2.8,4.726845964,0.01565666,0.002086
108,L20,1,1,1,1,67,17.602,-1.1,3.825626356,0.014241084,0.001801
108,L21,2,2,16,16,73,16.83,-1.4,4.260148815,0.014195496,0.001732
108,L22,6,6,14,14,82,17.487,-0.1,4.762805981,0.014142943,0.001803
108,L23,6,6,2,2,92,17.397,1.2,5.095623434,0.014065082,0.001973
108,L24,6,6,7,7,101,17.608,2.1,5.139558957,0.014071393,0.002287
108,L25,13,13,13,13,112,17.441,2.6,4.907495526,0.01400404,0.002199
108,N20,1,1,0,0,60,16.65,-1.2,4.226803119,0.014014547,0.001513
108,N24,2,2,14.868,8,87,17.36,-0.4,5.126624379,0.013771977,0.002281
108,N25,3,3,1,1,102,17.654,1.6,5.248364893,0.014334626,0.002505
108,N26,4,4,5,5,110,17.28,2.1,5.396134818,0.014423914,0.002565
108,N27,6,6,3,3,120,17.873,2.4,5.454663137,0.014137261,0.002595
108,O22,1,1,0,0,72,18.317,-1.5,4.847790796,0.015305537,0.001688
108,O25,1,1,5,5,95,17.654,-0.2,5.291280223,0.014905952,0.001766
108,O26,0,0,7,7,104,17.11,1.8,5.668704942,0.013623533,0.001917
108,O27,12,12,8,8,116,17.873,2.1,5.926751027,0.014444706,0.002441
108,ON2524,1,1,3,3,93,17.654,1.2,5.161146292,0.01480301,0.00174
108,ON2625,3,3,4,4,102,17.654,1.9,5.422878264,0.014216243,0.001867
108,P26,5,5,3,3,97,18.02,0.6,5.834476673,0.01460554,0.00235
108,P27,3,3,6,6,108,17.26,1.2,6.220015486,0.014115351,0.001956
108,P30,0,0,4,4,141,17.568,2.4,6.08594163,0.013706497,0.002482
108,P31,1,1,3,3,135,17.362,2,5.917210233,0.013540714,0.002941
108,P32,1,1,1,1,141,17.008,2.1,5.049570539,0.012877846,0.002357
108,PO2423,0,0,1,1,76,17.475,-1.3,4.763223757,0.014601968,0.001967
108,PO2625,2,2,1,1,94,17.955,-0.3,5.502575852,0.014673258,0.002079
108,PO2726,4,4,7,7,106,17.782,1.3,5.964650876,0.014091204,0.002411
108,Q30,3,3,12,12,137,18.04,2.1,6.254995441,0.014274615,0.002419
108,Q31,9,9,25,25,147,18.04,2,6.005221973,0.014006375,0.002255
108,QP2726,0,0,1,1,100,18.343,0.6,6.156088468,0.014455544,0.002417
108,R29,6,6,0,0,118,17.438,1.7,6.378360304,0.014067725,0.002035
108,R30,9,9,13.3556,4,129,18.04,2,6.348531674,0.014479741,0.0024
108,R31,8,8,15,15,147,18.177,2,6.085079067,0.014764589,0.002316
108,R32,10,10,14,14,162,18.177,2.5,5.085582753,0.014663897,0.002538
108,S29,3,3,12.668,8,111,16.76,1.7,6.394496666,0.013452353,0.002414
108,S30,10,10,15.7824,9,122,17.873,1.9,6.3905984,0.013897558,0.001952
108,S31,4,4,11,11,132,18.04,2.1,6.093261242,0.014232538,0.002154
108,T30,1,1,2,2,117,17.873,1.8,6.407144772,0.013954879,0.001966
113,F18,10,10,5,5,107,17.882,2.3,3.309177913,0.013930624,0.002155
113,F22,0,0,5,5,113,17.814,3.7,3.66151186,0.01465671,0.001968
113,G18,0,0,11,11,81,17.73,-0.5,3.210886413,0.015709323,0.001757
113,G22,1,1,2,2,94,16.924,2.9,3.504982695,0.014116886,0.002027
113,H18,2,2,16,16,74,17.655,-0.7,3.312258852,0.015714934,0.001505
113,H23,2,2,6,6,99,17.653,3.5,4.207180244,0.014313227,0.002664
113,I18,8,8,16,16,71,17.168,-0.2,3.464881134,0.01426035,0.001726
113,I21,0,0,25,25,73,15.877,-0.3,3.407365428,0.012535312,0.001424
113,I22,15,15,63.1868,47,84,16.847,1.8,3.995256604,0.013787421,0.002207
113,I23,14,14,37.8196,26,99,17.1,2.8,4.53177275,0.013869834,0.002579
113,IH2120,1,1,4,4,69,19.724,-0.5,3.084690721,0.01393945,0.001573
113,IH2221,0,0,2,2,74,16.502,2.8,3.536009676,0.013586867,0.001467
113,J18,0,0,1,1,69,17.01,-1.3,3.53616725,0.013955533,0.001729
113,J19,1,1,3,3,70,17.674,-1.4,3.383303385,0.016108009,0.001967
113,J20,4,4,20,20,70,17.531,-1.3,3.420389645,0.014342088,0.001781
113,J21,2,2,50.0256,27,74,21.313,-0.7,3.782849245,0.017883537,0.001866
113,J23,0,0,2,2,98,17.654,2,4.825662831,0.014478744,0.002223
113,J24,2,2,2,2,104,17.238,2.2,4.898351515,0.010564225,0.001779
113,J25,9,9,4,4,108,18.31,2.8,4.497124707,0.01693322,0.002364
113,JI2019,1,1,7,7,66,16.21,-1.4,3.256647755,0.013214119,0.001637
113,JI2120,0,0,27,27,71,16.959,-1.1,3.396841343,0.013854358,0.001986
113,JI2221,2,2,21,21,77,17.237,0.3,3.883139896,0.014156848,0.001922
113,K20,2,2,2,2,69,17.227,-1.4,3.628743979,0.014038138,0.001657
113,K21,5,5,16,16,73,16.812,-1.2,4.01417833,0.014244035,0.001774
113,K22,2,2,5,5,84,17.182,0.3,4.584010222,0.014312055,0.00179
113,K23,4,4,3,3,95,17.373,1.8,5.003959037,0.014136851,0.001984
113,K24,1,1,7,7,102,17.068,2.5,5.064305575,0.013814022,0.002303
113,K25,5,5,10,10,109,17.441,2.8,4.726845964,0.01565666,0.002086
113,L20,0,0,4,4,67,17.602,-1.1,3.825626356,0.014241084,0.001801
113,L21,1,1,4,4,73,16.83,-1.4,4.260148815,0.014195496,0.001732
113,L22,1,1,7,7,82,17.487,-0.1,4.762805981,0.014142943,0.001803
113,L23,1,1,4,4,92,17.397,1.2,5.095623434,0.014065082,0.001973
113,L24,4,4,7,7,101,17.608,2.1,5.139558957,0.014071393,0.002287
113,L25,6,6,13,13,112,17.441,2.6,4.907495526,0.01400404,0.002199
113,N24,1,1,14.868,8,87,17.36,-0.4,5.126624379,0.013771977,0.002281
113,N25,1,1,4,4,102,17.654,1.6,5.248364893,0.014334626,0.002505
113,N26,5,5,4,4,110,17.28,2.1,5.396134818,0.014423914,0.002565
113,N27,5,5,5,5,120,17.873,2.4,5.454663137,0.014137261,0.002595
113,O25,2,2,1,1,95,17.654,-0.2,5.291280223,0.014905952,0.001766
113,O26,2,2,6,6,104,17.11,1.8,5.668704942,0.013623533,0.001917
113,O27,3,3,7,7,116,17.873,2.1,5.926751027,0.014444706,0.002441
113,ON2524,0,0,1,1,93,17.654,1.2,5.161146292,0.01480301,0.00174
113,ON2625,1,1,3,3,102,17.654,1.9,5.422878264,0.014216243,0.001867
113,P20,0,0,3.1718,1,53,16.541,-1.3,4.417112406,0.013527348,0.001825
113,P26,3,3,0,0,97,18.02,0.6,5.834476673,0.01460554,0.00235
113,P27,1,1,1,1,108,17.26,1.2,6.220015486,0.014115351,0.001956
113,P30,0,0,1,1,141,17.568,2.4,6.08594163,0.013706497,0.002482
113,P31,3,3,3,3,135,17.362,2,5.917210233,0.013540714,0.002941
113,P32,1,1,0,0,141,17.008,2.1,5.049570539,0.012877846,0.002357
113,PO2423,0,0,1,1,76,17.475,-1.3,4.763223757,0.014601968,0.001967
113,PO2625,1,1,3,3,94,17.955,-0.3,5.502575852,0.014673258,0.002079
113,PO2726,2,2,3,3,106,17.782,1.3,5.964650876,0.014091204,0.002411
113,Q30,7,7,9,9,137,18.04,2.1,6.254995441,0.014274615,0.002419
113,Q31,7,7,11,11,147,18.04,2,6.005221973,0.014006375,0.002255
113,QP2726,1,1,1,1,100,18.343,0.6,6.156088468,0.014455544,0.002417
113,R29,2,2,31.4228,2,118,17.438,1.7,6.378360304,0.014067725,0.002035
113,R30,5,5,10.0167,3,129,18.04,2,6.348531674,0.014479741,0.0024
113,R31,5,5,10,10,147,18.177,2,6.085079067,0.014764589,0.002316
113,R32,7,7,10,10,162,18.177,2.5,5.085582753,0.014663897,0.002538
113,S28,1,1,0,0,102,16.785,1,6.443201463,0.013340289,0.002063
113,S29,0,0,3.167,2,111,16.76,1.7,6.394496666,0.013452353,0.002414
113,S30,6,6,24.5504,14,122,17.873,1.9,6.3905984,0.013897558,0.001952
113,S31,6,6,10,10,132,18.04,2.1,6.093261242,0.014232538,0.002154
113,T30,1,1,2,2,117,17.873,1.8,6.407144772,0.013954879,0.001966
118,F18,0,0,2,2,107,17.882,2.3,3.309177913,0.013930624,0.002155
118,F22,0,0,3,3,113,17.814,3.7,3.66151186,0.01465671,0.001968
118,G18,0,0,10,10,81,17.73,-0.5,3.210886413,0.015709323,0.001757
118,G22,0,0,1,1,94,16.924,2.9,3.504982695,0.014116886,0.002027
118,H18,3,3,14,14,74,17.655,-0.7,3.312258852,0.015714934,0.001505
118,H23,8,8,10,10,99,17.653,3.5,4.207180244,0.014313227,0.002664
118,I18,0,0,9,9,71,17.168,-0.2,3.464881134,0.01426035,0.001726
118,I21,0,0,19,19,73,15.877,-0.3,3.407365428,0.012535312,0.001424
118,I22,18,18,73.942,55,84,16.847,1.8,3.995256604,0.013787421,0.002207
118,I23,11,11,20.3644,14,99,17.1,2.8,4.53177275,0.013869834,0.002579
118,IH2120,2,2,0,0,69,19.724,-0.5,3.084690721,0.01393945,0.001573
118,IH2221,0,0,1,1,74,16.502,2.8,3.536009676,0.013586867,0.001467
118,J18,0,0,4,4,69,17.01,-1.3,3.53616725,0.013955533,0.001729
118,J19,0,0,2,2,70,17.674,-1.4,3.383303385,0.016108009,0.001967
118,J20,2,2,15,15,70,17.531,-1.3,3.420389645,0.014342088,0.001781
118,J21,1,1,31.4976,17,74,21.313,-0.7,3.782849245,0.017883537,0.001866
118,J22,1,1,4,4,86,17.659,1.2,4.363528075,0.014132744,0.002204
118,J23,1,1,4,4,98,17.654,2,4.825662831,0.014478744,0.002223
118,J24,2,2,4,4,104,17.238,2.2,4.898351515,0.010564225,0.001779
118,J25,2,2,1,1,108,18.31,2.8,4.497124707,0.01693322,0.002364
118,JI2019,1,1,1,1,66,16.21,-1.4,3.256647755,0.013214119,0.001637
118,JI2120,0,0,10,10,71,16.959,-1.1,3.396841343,0.013854358,0.001986
118,JI2221,4,4,21,21,77,17.237,0.3,3.883139896,0.014156848,0.001922
118,K20,1,1,2,2,69,17.227,-1.4,3.628743979,0.014038138,0.001657
118,K21,0,0,9,9,73,16.812,-1.2,4.01417833,0.014244035,0.001774
118,K22,5,5,5,5,84,17.182,0.3,4.584010222,0.014312055,0.00179
118,K23,2,2,3,3,95,17.373,1.8,5.003959037,0.014136851,0.001984
118,K24,0,0,1,1,102,17.068,2.5,5.064305575,0.013814022,0.002303
118,K25,3,3,10,10,109,17.441,2.8,4.726845964,0.01565666,0.002086
118,L21,0,0,4,4,73,16.83,-1.4,4.260148815,0.014195496,0.001732
118,L22,1,1,2,2,82,17.487,-0.1,4.762805981,0.014142943,0.001803
118,L23,2,2,4,4,92,17.397,1.2,5.095623434,0.014065082,0.001973
118,L24,3,3,4,4,101,17.608,2.1,5.139558957,0.014071393,0.002287
118,L25,3,3,8,8,112,17.441,2.6,4.907495526,0.01400404,0.002199
118,N20,1,1,0,0,60,16.65,-1.2,4.226803119,0.014014547,0.001513
118,N24,1,1,11.151,6,87,17.36,-0.4,5.126624379,0.013771977,0.002281
118,N25,1,1,3,3,102,17.654,1.6,5.248364893,0.014334626,0.002505
118,N26,2,2,1,1,110,17.28,2.1,5.396134818,0.014423914,0.002565
118,N27,2,2,2,2,120,17.873,2.4,5.454663137,0.014137261,0.002595
118,O25,1,1,4,4,95,17.654,-0.2,5.291280223,0.014905952,0.001766
118,O26,1,1,4,4,104,17.11,1.8,5.668704942,0.013623533,0.001917
118,O27,1,1,2,2,116,17.873,2.1,5.926751027,0.014444706,0.002441
118,ON2524,1,1,6,6,93,17.654,1.2,5.161146292,0.01480301,0.00174
118,ON2625,0,0,1,1,102,17.654,1.9,5.422878264,0.014216243,0.001867
118,P30,1,1,1,1,141,17.568,2.4,6.08594163,0.013706497,0.002482
118,P31,0,0,1,1,135,17.362,2,5.917210233,0.013540714,0.002941
118,PO2726,0,0,2,2,106,17.782,1.3,5.964650876,0.014091204,0.002411
118,Q30,2,2,10,10,137,18.04,2.1,6.254995441,0.014274615,0.002419
118,Q31,2,2,4,4,147,18.04,2,6.005221973,0.014006375,0.002255
118,R29,2,2,0,0,118,17.438,1.7,6.378360304,0.014067725,0.002035
118,R30,1,1,3.3389,1,129,18.04,2,6.348531674,0.014479741,0.0024
118,R31,4,4,4,4,147,18.177,2,6.085079067,0.014764589,0.002316
118,R32,2,2,9,9,162,18.177,2.5,5.085582753,0.014663897,0.002538
118,S29,0,0,1.5835,1,111,16.76,1.7,6.394496666,0.013452353,0.002414
118,S30,3,3,14.0288,8,122,17.873,1.9,6.3905984,0.013897558,0.001952
118,S31,1,1,1,1,132,18.04,2.1,6.093261242,0.014232538,0.002154
118,T30,0,0,3,3,117,17.873,1.8,6.407144772,0.013954879,0.001966
123,F18,0,0,4,4,107,17.882,2.3,3.309177913,0.013930624,0.002155
123,F22,1,1,1,1,113,17.814,3.7,3.66151186,0.01465671,0.001968
123,G18,0,0,4,4,81,17.73,-0.5,3.210886413,0.015709323,0.001757
123,H18,2,2,8,8,74,17.655,-0.7,3.312258852,0.015714934,0.001505
123,H23,3,3,7,7,99,17.653,3.5,4.207180244,0.014313227,0.002664
123,I18,1,1,6,6,71,17.168,-0.2,3.464881134,0.01426035,0.001726
123,I21,1,1,24,24,73,15.877,-0.3,3.407365428,0.012535312,0.001424
123,I22,12,12,51.0872,38,84,16.847,1.8,3.995256604,0.013787421,0.002207
123,I23,4,4,21.819,15,99,17.1,2.8,4.53177275,0.013869834,0.002579
123,IH2120,0,0,1,1,69,19.724,-0.5,3.084690721,0.01393945,0.001573
123,IH2221,0,0,1,1,74,16.502,2.8,3.536009676,0.013586867,0.001467
123,J18,0,0,2,2,69,17.01,-1.3,3.53616725,0.013955533,0.001729
123,J19,0,0,4,4,70,17.674,-1.4,3.383303385,0.016108009,0.001967
123,J20,0,0,3,3,70,17.531,-1.3,3.420389645,0.014342088,0.001781
123,J21,1,1,24.0864,13,74,21.313,-0.7,3.782849245,0.017883537,0.001866
123,J22,1,1,4,4,86,17.659,1.2,4.363528075,0.014132744,0.002204
123,J23,0,0,2,2,98,17.654,2,4.825662831,0.014478744,0.002223
123,J25,2,2,0,0,108,18.31,2.8,4.497124707,0.01693322,0.002364
123,JI2120,0,0,7,7,71,16.959,-1.1,3.396841343,0.013854358,0.001986
123,JI2221,7,7,22,22,77,17.237,0.3,3.883139896,0.014156848,0.001922
123,K20,1,1,0,0,69,17.227,-1.4,3.628743979,0.014038138,0.001657
123,K21,0,0,4,4,73,16.812,-1.2,4.01417833,0.014244035,0.001774
123,K22,1,1,2,2,84,17.182,0.3,4.584010222,0.014312055,0.00179
123,K23,1,1,0,0,95,17.373,1.8,5.003959037,0.014136851,0.001984
123,K25,3,3,5,5,109,17.441,2.8,4.726845964,0.01565666,0.002086
123,L22,0,0,2,2,82,17.487,-0.1,4.762805981,0.014142943,0.001803
123,L23,1,1,1,1,92,17.397,1.2,5.095623434,0.014065082,0.001973
123,L24,0,0,4,4,101,17.608,2.1,5.139558957,0.014071393,0.002287
123,L25,4,4,4,4,112,17.441,2.6,4.907495526,0.01400404,0.002199
123,N21,0,0,1.4901,1,68,16.959,-1.5,4.659262716,0.013547802,0.001949
123,N24,1,1,13.0095,7,87,17.36,-0.4,5.126624379,0.013771977,0.002281
123,N25,1,1,1,1,102,17.654,1.6,5.248364893,0.014334626,0.002505
123,N27,1,1,1,1,120,17.873,2.4,5.454663137,0.014137261,0.002595
123,O22,0,0,2.9118,1,72,18.317,-1.5,4.847790796,0.015305537,0.001688
123,O25,0,0,3,3,95,17.654,-0.2,5.291280223,0.014905952,0.001766
123,O26,0,0,3,3,104,17.11,1.8,5.668704942,0.013623533,0.001917
123,O27,0,0,2,2,116,17.873,2.1,5.926751027,0.014444706,0.002441
123,ON2524,0,0,2,2,93,17.654,1.2,5.161146292,0.01480301,0.00174
123,ON2625,0,0,3,3,102,17.654,1.9,5.422878264,0.014216243,0.001867
123,P30,0,0,1,1,141,17.568,2.4,6.08594163,0.013706497,0.002482
123,P31,2,2,1,1,135,17.362,2,5.917210233,0.013540714,0.002941
123,P32,1,1,1,1,141,17.008,2.1,5.049570539,0.012877846,0.002357
123,PO2625,1,1,0,0,94,17.955,-0.3,5.502575852,0.014673258,0.002079
123,Q30,2,2,5,5,137,18.04,2.1,6.254995441,0.014274615,0.002419
123,Q31,0,0,1,1,147,18.04,2,6.005221973,0.014006375,0.002255
123,QP2726,1,1,1,1,100,18.343,0.6,6.156088468,0.014455544,0.002417
123,R29,1,1,0,0,118,17.438,1.7,6.378360304,0.014067725,0.002035
123,R31,1,1,3,3,147,18.177,2,6.085079067,0.014764589,0.002316
123,R32,2,2,3,3,162,18.177,2.5,5.085582753,0.014663897,0.002538
123,S30,1,1,3.5072,2,122,17.873,1.9,6.3905984,0.013897558,0.001952
123,S31,0,0,3,3,132,18.04,2.1,6.093261242,0.014232538,0.002154
128,G18,0,0,2,2,81,17.73,-0.5,3.210886413,0.015709323,0.001757
128,G22,1,1,0,0,94,16.924,2.9,3.504982695,0.014116886,0.002027
128,H18,1,1,1,1,74,17.655,-0.7,3.312258852,0.015714934,0.001505
128,H23,1,1,4,4,99,17.653,3.5,4.207180244,0.014313227,0.002664
128,I18,0,0,1,1,71,17.168,-0.2,3.464881134,0.01426035,0.001726
128,I21,1,1,10,10,73,15.877,-0.3,3.407365428,0.012535312,0.001424
128,I22,2,2,16.1328,12,84,16.847,1.8,3.995256604,0.013787421,0.002207
128,I23,0,0,8.7276,6,99,17.1,2.8,4.53177275,0.013869834,0.002579
128,IH2120,0,0,1,1,69,19.724,-0.5,3.084690721,0.01393945,0.001573
128,IH2221,0,0,1,1,74,16.502,2.8,3.536009676,0.013586867,0.001467
128,J18,0,0,1,1,69,17.01,-1.3,3.53616725,0.013955533,0.001729
128,J19,0,0,1,1,70,17.674,-1.4,3.383303385,0.016108009,0.001967
128,J21,0,0,11.1168,6,74,21.313,-0.7,3.782849245,0.017883537,0.001866
128,J22,0,0,1,1,86,17.659,1.2,4.363528075,0.014132744,0.002204
128,J23,0,0,1,1,98,17.654,2,4.825662831,0.014478744,0.002223
128,J24,1,1,1,1,104,17.238,2.2,4.898351515,0.010564225,0.001779
128,J25,2,2,0,0,108,18.31,2.8,4.497124707,0.01693322,0.002364
128,JI2019,0,0,1,1,66,16.21,-1.4,3.256647755,0.013214119,0.001637
128,JI2221,2,2,13,13,77,17.237,0.3,3.883139896,0.014156848,0.001922
128,K22,0,0,2,2,84,17.182,0.3,4.584010222,0.014312055,0.00179
128,K23,1,1,2,2,95,17.373,1.8,5.003959037,0.014136851,0.001984
128,L24,0,0,1,1,101,17.608,2.1,5.139558957,0.014071393,0.002287
128,L25,0,0,3,3,112,17.441,2.6,4.907495526,0.01400404,0.002199
128,N24,0,0,1.8585,1,87,17.36,-0.4,5.126624379,0.013771977,0.002281
128,N25,1,1,0,0,102,17.654,1.6,5.248364893,0.014334626,0.002505
128,N26,0,0,1,1,110,17.28,2.1,5.396134818,0.014423914,0.002565
128,N27,0,0,1,1,120,17.873,2.4,5.454663137,0.014137261,0.002595
128,O25,0,0,1,1,95,17.654,-0.2,5.291280223,0.014905952,0.001766
128,O26,0,0,1,1,104,17.11,1.8,5.668704942,0.013623533,0.001917
128,ON2524,0,0,2,2,93,17.654,1.2,5.161146292,0.01480301,0.00174
128,ON2625,0,0,1,1,102,17.654,1.9,5.422878264,0.014216243,0.001867
128,P26,0,0,1,1,97,18.02,0.6,5.834476673,0.01460554,0.00235
128,P31,1,1,0,0,135,17.362,2,5.917210233,0.013540714,0.002941
128,PO2625,0,0,1,1,94,17.955,-0.3,5.502575852,0.014673258,0.002079
128,Q30,1,1,0,0,137,18.04,2.1,6.254995441,0.014274615,0.002419
128,Q31,0,0,3,3,147,18.04,2,6.005221973,0.014006375,0.002255
128,R29,0,0,15.7114,1,118,17.438,1.7,6.378360304,0.014067725,0.002035
128,R32,0,0,1,1,162,18.177,2.5,5.085582753,0.014663897,0.002538
128,S30,0,0,5.2608,3,122,17.873,1.9,6.3905984,0.013897558,0.001952